flow_m3_day,influent_ph,influent_bod5,influent_cod,influent_tss,effluent_ph,effluent_bod5,effluent_cod,effluent_tss
35023.0,7.9,205.0,588.0,192.0,7.6,20.0,104.0,20.0
36924.0,8.0,242.0,496.0,176.0,7.6,19.0,108.0,22.0
38572.0,7.8,202.0,372.0,186.0,7.5,20.0,100.0,28.0
36107.0,7.7,215.0,489.0,334.0,7.5,17.0,162.0,18.0
29156.0,7.7,206.0,451.0,194.0,7.5,16.0,118.0,19.0
39246.0,7.8,172.0,506.0,200.0,7.6,19.0,157.0,27.0
42393.0,7.9,189.0,478.0,230.0,7.6,152.0,306.0,131.0
42857.0,7.7,238.0,319.0,292.0,7.4,320.0,350.0,238.0
42911.0,7.6,114.0,252.0,116.0,7.5,84.0,172.0,104.0
40376.0,8.1,204.0,333.0,174.0,7.6,32.0,153.0,98.0
40923.0,7.6,146.0,329.0,188.0,7.5,19.0,94.0,41.0
43830.0,7.8,177.0,512.0,214.0,7.6,25.0,203.0,20.0
39165.0,7.4,250.0,447.0,252.0,7.3,14.0,9.0,20.0
35791.0,7.8,277.0,466.0,246.0,7.5,24.0,124.0,26.0
37419.0,7.6,219.0,446.0,222.0,7.5,42.0,175.0,53.0
40983.0,7.6,182.0,431.0,214.0,7.5,23.0,120.0,25.0
42217.0,7.5,138.0,333.0,240.0,7.1,16.0,62.0,17.0
47665.0,7.7,156.0,405.0,200.0,7.6,19.0,71.0,23.0
44314.0,7.8,155.0,389.0,308.0,7.6,15.0,87.0,23.0
40841.0,7.6,179.0,389.0,168.0,7.9,16.0,83.0,20.0
41157.0,8.0,145.0,398.0,192.0,7.8,15.0,87.0,21.0
40078.0,7.9,198.0,464.0,228.0,7.8,17.0,102.0,22.0
43080.0,7.8,95.0,349.0,136.0,7.5,19.0,67.0,24.0
29414.0,7.6,160.0,374.0,168.0,7.4,19.0,79.0,28.0
37312.0,8.1,205.0,492.0,192.0,7.7,32.0,114.0,37.0
38568.0,8.2,233.0,506.0,204.0,7.5,47.0,116.0,59.0
38655.0,7.9,179.0,344.0,172.0,7.5,26.0,97.0,35.0
34193.0,8.0,166.0,396.0,176.0,7.5,26.0,106.0,31.0
36332.0,7.9,120.0,455.0,184.0,7.6,24.0,98.0,32.0
35636.0,8.0,203.0,469.0,264.0,7.5,23.0,97.0,38.0
34746.0,7.7,208.0,427.0,192.0,7.4,27.0,78.0,33.0
37102.0,7.8,196.0,353.0,174.0,7.6,24.0,71.0,24.0
41598.0,8.2,194.0,419.0,186.0,7.6,23.0,71.0,33.0
38058.0,7.8,193.0,424.0,170.0,7.5,24.0,88.0,29.0
40868.0,8.1,206.0,490.0,190.0,7.7,16.0,86.0,26.0
36358.0,7.7,192.0,298.0,162.0,7.5,30.0,98.0,45.0
41230.0,7.6,120.0,344.0,136.0,7.5,16.0,97.0,17.0
37386.0,7.9,165.0,470.0,170.0,7.6,22.0,97.0,18.0
34535.0,7.8,232.0,518.0,220.0,7.5,29.0,146.0,31.0
32527.0,7.8,187.0,460.0,180.0,7.5,28.0,105.0,30.0
27760.0,7.6,199.0,466.0,186.0,7.4,21.0,122.0,25.0
38055.0,7.8,221.0,524.0,188.0,7.5,29.0,136.0,39.0
34064.0,8.1,230.0,535.0,242.0,7.5,28.0,101.0,36.0
31447.0,7.9,190.0,374.0,192.0,7.5,21.0,108.0,22.0
31059.0,7.8,202.0,431.0,200.0,7.4,17.0,63.0,20.0
36470.0,7.8,227.0,526.0,212.0,7.4,30.0,99.0,41.0
47449.0,7.8,170.0,401.0,158.0,7.5,26.0,87.0,27.0
43940.0,7.8,149.0,361.0,186.0,7.5,27.0,103.0,38.0
40347.0,7.7,155.0,338.0,132.0,7.4,22.0,87.0,27.0
40267.0,7.9,180.0,433.0,186.0,7.5,19.0,110.0,26.0
37976.0,7.7,148.0,345.0,162.0,7.4,17.0,60.0,21.0
47368.0,7.9,156.0,417.0,152.0,7.4,29.0,99.0,26.0
48086.0,8.0,247.0,444.0,166.0,7.6,27.0,52.0,29.0
47642.0,7.9,157.0,428.0,204.0,7.5,19.0,73.0,18.0
43174.0,7.7,179.0,420.0,158.0,7.4,23.0,136.0,17.0
39891.0,7.6,178.0,416.0,188.0,7.3,22.0,140.0,20.0
32257.0,7.5,246.0,583.0,504.0,7.3,21.0,75.0,25.0
40498.0,8.1,202.0,476.0,300.0,7.5,27.0,75.0,22.0
40221.0,8.1,177.0,407.0,172.0,7.5,27.0,95.0,26.0
34669.0,7.8,198.0,381.0,216.0,7.7,29.0,91.0,26.0
41824.0,7.8,161.0,281.0,164.0,7.8,14.0,63.0,19.0
51520.0,7.3,156.0,336.0,192.0,7.9,15.0,59.0,19.0
39421.0,7.9,189.0,457.0,1004.0,7.8,19.0,79.0,21.0
36131.0,7.9,215.0,500.0,252.0,7.9,25.0,75.0,23.0
33251.0,7.6,225.0,578.0,256.0,7.6,15.0,151.0,25.0
35789.0,7.4,316.0,533.0,264.0,7.5,39.0,150.0,54.0
40106.0,7.8,238.0,504.0,292.0,8.0,19.0,80.0,20.0
45191.0,8.0,125.0,324.0,362.0,7.9,28.0,128.0,14.0
43308.0,7.9,265.0,330.0,562.0,7.8,24.0,70.0,11.0
37615.0,7.8,199.0,404.0,232.0,7.6,25.0,85.0,19.0
42596.0,7.7,138.0,259.0,456.0,7.6,22.0,59.0,16.0
41948.0,7.7,198.0,396.0,216.0,7.8,23.0,105.0,32.0
36967.0,7.6,202.0,426.0,248.0,7.7,33.0,92.0,23.0
34879.0,7.5,319.0,465.0,214.0,7.7,18.0,104.0,11.0
34365.0,7.6,236.0,444.0,236.0,7.7,24.0,115.0,17.0
34291.0,7.9,192.0,433.0,300.0,7.8,15.0,60.0,12.0
34886.0,7.7,211.0,488.0,268.0,7.7,15.0,63.0,12.0
38731.0,7.5,200.0,402.0,184.0,7.7,17.0,64.0,17.0
44198.0,7.7,257.0,667.0,1016.0,8.0,16.0,56.0,15.0
39003.0,7.8,183.0,456.0,232.0,7.8,19.0,60.0,12.0
34487.0,7.9,183.0,380.0,192.0,8.0,13.0,63.0,15.0
35198.0,7.7,185.0,372.0,164.0,7.9,18.0,78.0,15.0
27617.0,7.6,285.0,436.0,218.0,7.5,26.0,104.0,41.0
37881.0,7.7,257.0,588.0,328.0,7.6,26.0,92.0,44.0
39024.0,7.9,268.0,467.0,224.0,7.7,29.0,148.0,49.0
38990.0,7.8,189.0,357.0,172.0,7.6,30.0,122.0,42.0
37710.0,7.5,312.0,388.0,204.0,7.4,42.0,154.0,69.0
25957.0,8.1,404.0,455.0,448.0,7.8,20.0,83.0,25.0
38623.0,8.1,243.0,299.0,180.0,7.8,26.0,82.0,36.0
41746.0,8.0,352.0,471.0,208.0,7.5,24.0,91.0,32.0
43291.0,7.7,215.0,447.0,164.0,7.7,19.0,75.0,32.0
41436.0,7.9,191.0,356.0,192.0,7.6,28.0,103.0,34.0
39402.0,7.9,283.0,274.0,162.0,7.7,28.0,74.0,25.0
39383.0,8.0,216.0,529.0,248.0,7.7,23.0,94.0,22.0
37106.0,7.8,163.0,468.0,202.0,7.7,14.0,100.0,19.0
33711.0,8.0,345.0,457.0,288.0,7.8,19.0,88.0,19.0
35081.0,7.7,431.0,532.0,210.0,7.7,13.0,132.0,13.0
32372.0,7.8,174.0,404.0,192.0,7.7,13.0,55.0,18.0
37283.0,7.7,327.0,376.0,184.0,7.8,15.0,47.0,13.0
42202.0,7.6,184.0,238.0,316.0,7.6,27.0,95.0,39.0
50942.0,7.8,159.0,234.0,292.0,7.8,12.0,36.0,14.0
44040.0,7.9,275.0,330.0,180.0,7.7,25.0,109.0,24.0
43117.0,8.4,134.0,302.0,208.0,7.9,16.0,66.0,20.0
48333.0,7.6,132.0,188.0,172.0,7.7,17.0,78.0,21.0
46540.0,7.8,132.0,297.0,176.0,7.6,24.0,63.0,16.0
46057.0,8.1,133.0,288.0,162.0,7.9,32.0,128.0,40.0
45018.0,7.9,224.0,488.0,456.0,8.0,15.0,36.0,17.0
40552.0,7.9,200.0,395.0,178.0,7.6,17.0,75.0,19.0
53210.0,7.8,87.0,241.0,236.0,7.7,10.0,79.0,16.0
53530.0,8.1,132.0,336.0,330.0,7.7,13.0,68.0,13.0
46659.0,7.7,175.0,321.0,176.0,7.5,12.0,67.0,11.0
45772.0,7.9,162.0,348.0,156.0,7.7,17.0,127.0,14.0
52933.0,7.9,135.0,317.0,180.0,7.8,14.0,91.0,22.0
36510.0,7.9,91.0,325.0,122.0,7.7,15.0,74.0,11.0
34299.0,7.8,210.0,725.0,350.0,7.6,21.0,94.0,18.0
41073.0,8.1,166.0,422.0,184.0,7.8,26.0,81.0,22.0
43536.0,7.8,267.0,342.0,202.0,7.7,12.0,77.0,16.0
34667.0,7.2,165.0,315.0,170.0,7.4,11.0,53.0,19.0
29624.0,7.5,184.0,219.0,148.0,7.5,18.0,37.0,22.0
34069.0,7.5,89.0,298.0,116.0,7.6,16.0,42.0,22.0
37782.0,8.1,155.0,382.0,174.0,7.6,18.0,87.0,24.0
42109.0,7.8,159.0,350.0,150.0,7.7,41.0,152.0,41.0
36088.0,7.5,75.0,133.0,142.0,7.3,9.0,32.0,12.0
47255.0,7.7,181.0,264.0,124.0,7.7,19.0,72.0,28.0
55300.0,7.9,254.0,356.0,206.0,7.6,18.0,100.0,20.0
37646.0,7.8,355.0,556.0,184.0,7.7,42.0,124.0,48.0
34528.0,7.9,262.0,444.0,324.0,7.6,31.0,174.0,67.0
31417.0,7.8,237.0,549.0,236.0,7.7,39.0,287.0,84.0
27333.0,7.6,238.0,348.0,174.0,7.4,44.0,210.0,73.0
30201.0,7.3,137.0,398.0,188.0,7.4,9.0,66.0,10.0
39445.0,8.1,187.0,488.0,216.0,8.0,28.0,80.0,21.0
37252.0,7.6,131.0,436.0,476.0,7.9,13.0,90.0,16.0
37643.0,7.7,145.0,382.0,168.0,8.1,15.0,88.0,15.0
36389.0,7.7,156.0,391.0,156.0,7.9,11.0,86.0,14.0
33020.0,7.7,176.0,422.0,176.0,7.8,14.0,82.0,16.0
36095.0,7.5,112.0,341.0,256.0,7.6,18.0,114.0,27.0
39590.0,7.8,144.0,361.0,220.0,7.6,14.0,74.0,20.0
42859.0,7.8,161.0,326.0,268.0,7.8,23.0,111.0,26.0
36325.0,7.7,135.0,304.0,222.0,7.9,14.0,96.0,18.0
33522.0,7.7,189.0,416.0,248.0,7.8,27.0,108.0,26.0
33680.0,7.6,215.0,532.0,282.0,7.8,17.0,92.0,15.0
31293.0,7.7,150.0,337.0,182.0,7.8,18.0,85.0,20.0
36010.0,7.9,189.0,424.0,264.0,8.0,16.0,68.0,21.0
35445.0,7.9,182.0,388.0,272.0,8.0,18.0,71.0,18.0
32540.0,7.7,290.0,566.0,352.0,7.9,18.0,116.0,15.0
32929.0,7.8,246.0,641.0,376.0,7.9,31.0,100.0,34.0
32575.0,7.7,244.0,607.0,380.0,8.0,18.0,104.0,26.0
27711.0,7.4,342.0,400.0,232.0,7.6,23.0,106.0,38.0
33999.0,7.5,191.0,488.0,506.0,7.7,22.0,110.0,33.0
33959.0,7.7,235.0,614.0,692.0,7.9,16.0,90.0,52.0
33877.0,7.6,166.0,452.0,320.0,7.8,19.0,56.0,28.0
26871.0,7.3,139.0,369.0,284.0,7.5,19.0,116.0,34.0
32909.0,7.5,221.0,391.0,260.0,7.6,17.0,127.0,20.0
44601.0,7.5,140.0,231.0,360.0,7.6,12.0,39.0,11.0
43614.0,7.8,143.0,400.0,472.0,7.8,14.0,82.0,12.0
40529.0,7.7,192.0,253.0,186.0,7.5,14.0,48.0,13.0
38231.0,7.7,124.0,234.0,120.0,7.9,18.0,84.0,74.0
36909.0,7.6,172.0,394.0,226.0,7.8,14.0,74.0,13.0
37002.0,7.6,268.0,324.0,226.0,7.7,13.0,97.0,15.0
43377.0,7.6,176.0,200.0,176.0,7.7,13.0,45.0,18.0
37862.0,7.6,146.0,243.0,164.0,7.7,6.0,59.0,14.0
35809.0,7.8,139.0,380.0,256.0,7.9,11.0,51.0,8.0
41206.0,7.8,117.0,366.0,500.0,7.8,12.0,67.0,12.0
15519.0,7.6,148.0,400.0,564.0,7.7,11.0,54.0,9.0
49986.0,7.8,158.0,256.0,194.0,7.7,10.0,66.0,9.0
51575.0,7.7,123.0,246.0,186.0,7.7,12.0,70.0,15.0
44869.0,7.7,133.0,410.0,204.0,7.7,8.0,144.0,11.0
43491.0,7.5,237.0,388.0,178.0,7.8,12.0,76.0,12.0
45453.0,7.7,203.0,357.0,222.0,7.6,9.0,73.0,13.0
37190.0,7.8,199.0,380.0,244.0,7.9,13.0,43.0,15.0
40067.0,7.8,214.0,941.0,304.0,7.9,11.0,55.0,14.0
46791.0,7.9,206.0,305.0,188.0,7.9,14.0,55.0,10.0
46852.0,7.7,247.0,361.0,286.0,7.9,11.0,56.0,10.0
38761.0,7.5,438.0,681.0,370.0,7.6,15.0,120.0,11.0
42046.0,7.8,255.0,282.0,166.0,7.9,13.0,56.0,20.0
33322.0,7.6,217.0,315.0,400.0,7.5,22.0,81.0,28.0
10050.0,7.6,208.0,556.0,210.0,7.6,18.0,75.0,34.0
55930.0,7.8,223.0,459.0,364.0,8.0,19.0,56.0,23.0
52851.0,8.1,64.0,161.0,172.0,8.1,8.0,31.0,14.0
40585.0,8.0,66.0,152.0,364.0,8.0,11.0,24.0,12.0
45027.0,7.7,48.0,156.0,242.0,8.0,5.0,60.0,12.0
47338.0,8.1,69.0,126.0,138.0,8.0,8.0,52.0,9.0
44207.0,7.8,70.0,188.0,112.0,8.0,12.0,53.0,16.0
43563.0,7.8,95.0,206.0,132.0,7.9,21.0,99.0,39.0
47718.0,7.8,31.0,81.0,208.0,7.9,3.0,25.0,12.0
42587.0,7.8,77.0,256.0,248.0,8.0,7.0,62.0,9.0
35098.0,7.8,100.0,256.0,234.0,8.0,11.0,58.0,10.0
38052.0,7.6,94.0,409.0,194.0,7.9,14.0,65.0,11.0
38905.0,7.7,58.0,197.0,130.0,7.9,20.0,42.0,16.0
38620.0,7.5,95.0,302.0,176.0,7.7,19.0,59.0,15.0
34352.0,7.4,112.0,470.0,172.0,7.6,14.0,97.0,15.0
34785.0,7.5,126.0,397.0,188.0,7.7,16.0,101.0,15.0
27109.0,7.6,158.0,276.0,142.0,7.7,24.0,77.0,21.0
32802.0,7.3,203.0,405.0,212.0,7.4,22.0,114.0,24.0
35876.0,7.9,81.0,448.0,296.0,7.9,27.0,123.0,33.0
40933.0,7.8,120.0,303.0,290.0,7.9,10.0,76.0,10.0
39489.0,7.8,131.0,320.0,166.0,7.8,15.0,74.0,14.0
42230.0,8.1,132.0,288.0,144.0,8.3,11.0,64.0,13.0
29388.0,8.2,339.0,713.0,356.0,7.6,17.0,83.0,12.0
30935.0,8.1,255.0,550.0,214.0,7.8,18.0,87.0,22.0
26348.0,8.1,253.0,473.0,212.0,7.7,23.0,105.0,22.0
28680.0,8.1,256.0,539.0,188.0,7.8,27.0,116.0,23.0
32799.0,8.4,215.0,440.0,190.0,7.8,9.0,60.0,13.0
33545.0,8.2,145.0,747.0,310.0,7.7,15.0,100.0,18.0
28791.0,8.7,354.0,539.0,232.0,7.9,14.0,67.0,17.0
31849.0,8.0,330.0,511.0,184.0,7.7,34.0,119.0,33.0
30352.0,8.2,324.0,539.0,196.0,7.8,21.0,89.0,19.0
32009.0,8.1,288.0,459.0,216.0,7.6,18.0,75.0,18.0
34492.0,7.9,253.0,354.0,162.0,7.9,16.0,69.0,12.0
36452.0,8.2,154.0,310.0,128.0,7.7,15.0,50.0,11.0
34361.0,8.2,172.0,345.0,152.0,7.8,16.0,85.0,14.0
36432.0,8.1,168.0,334.0,196.0,7.8,20.0,74.0,20.0
37009.0,8.3,181.0,348.0,184.0,7.8,21.0,48.0,19.0
37281.0,8.1,287.0,484.0,308.0,7.8,22.0,80.0,16.0
28437.0,7.9,176.0,387.0,162.0,7.7,17.0,51.0,14.0
35263.0,8.0,201.0,434.0,118.0,7.7,12.0,55.0,18.0
34319.0,8.1,236.0,448.0,178.0,7.8,16.0,79.0,17.0
44158.0,8.0,124.0,463.0,230.0,7.6,27.0,90.0,20.0
39223.0,8.1,151.0,294.0,186.0,7.8,9.0,39.0,11.0
44364.0,8.0,182.0,364.0,154.0,7.8,20.0,83.0,17.0
44235.0,7.9,195.0,428.0,210.0,8.0,15.0,75.0,22.0
45151.0,8.3,185.0,457.0,184.0,7.8,18.0,98.0,17.0
47032.0,8.2,139.0,294.0,256.0,7.7,11.0,55.0,14.0
41372.0,7.8,119.0,220.0,128.0,7.9,7.0,45.0,9.0
45729.0,8.2,139.0,263.0,144.0,7.8,9.0,51.0,10.0
49314.0,8.1,166.0,318.0,118.0,7.9,15.0,74.0,12.0
44038.0,8.0,138.0,304.0,136.0,7.8,17.0,106.0,20.0
29816.0,8.5,251.0,447.0,152.0,7.9,26.0,158.0,30.0
29448.0,8.2,192.0,357.0,286.0,7.6,27.0,77.0,31.0
35825.0,8.0,111.0,371.0,142.0,7.7,14.0,131.0,24.0
47384.0,8.2,147.0,224.0,146.0,7.7,15.0,23.0,18.0
47306.0,8.2,206.0,324.0,166.0,7.8,12.0,66.0,23.0
40127.0,8.1,233.0,456.0,214.0,7.9,33.0,140.0,32.0
28005.0,8.2,226.0,419.0,178.0,7.8,19.0,100.0,28.0
28819.0,8.4,195.0,392.0,188.0,7.9,18.0,86.0,19.0
27098.0,8.2,197.0,497.0,254.0,7.7,10.0,70.0,19.0
42667.0,8.3,173.0,427.0,208.0,7.7,16.0,105.0,20.0
47222.0,8.1,148.0,321.0,142.0,7.8,12.0,78.0,14.0
32157.0,8.1,243.0,572.0,200.0,7.8,13.0,86.0,13.0
25687.0,8.2,316.0,743.0,280.0,7.7,16.0,98.0,16.0
26040.0,8.1,302.0,702.0,244.0,7.8,19.0,118.0,18.0
47623.0,7.7,283.0,310.0,170.0,7.9,16.0,85.0,20.0
54578.0,7.9,313.0,341.0,512.0,7.9,13.0,74.0,16.0
36911.0,7.7,300.0,610.0,452.0,7.7,21.0,116.0,14.0
35244.0,7.8,177.0,412.0,196.0,7.7,8.0,90.0,17.0
39566.0,7.7,192.0,416.0,236.0,7.8,13.0,78.0,14.0
45469.0,7.3,129.0,237.0,234.0,7.5,7.0,66.0,19.0
46240.0,7.9,122.0,287.0,168.0,7.8,12.0,43.0,16.0
45903.0,8.0,90.0,271.0,144.0,7.7,10.0,41.0,14.0
44343.0,8.0,169.0,327.0,126.0,7.9,15.0,93.0,17.0
39343.0,8.0,140.0,555.0,282.0,7.8,7.0,75.0,10.0
34347.0,7.9,155.0,243.0,210.0,8.0,9.0,35.0,12.0
53012.0,8.2,157.0,361.0,208.0,7.9,12.0,51.0,17.0
52258.0,8.4,195.0,246.0,172.0,8.0,11.0,42.0,18.0
49493.0,8.1,102.0,269.0,156.0,7.8,10.0,54.0,13.0
46200.0,8.3,192.0,294.0,172.0,7.9,15.0,69.0,20.0
46069.0,8.2,185.0,334.0,156.0,7.9,16.0,65.0,11.0
44324.0,7.8,174.0,173.0,134.0,7.8,21.0,81.0,28.0
48950.0,8.1,109.0,211.0,880.0,7.9,7.0,35.0,13.0
60017.0,7.9,120.0,284.0,518.0,8.0,11.0,88.0,20.0
41569.0,7.9,115.0,357.0,334.0,7.9,8.0,61.0,18.0
44858.0,8.1,380.0,318.0,194.0,7.9,16.0,71.0,22.0
26343.0,7.7,275.0,553.0,528.0,7.7,24.0,87.0,29.0
32884.0,7.8,169.0,337.0,132.0,7.7,14.0,71.0,14.0
40745.0,7.7,156.0,547.0,166.0,7.7,15.0,120.0,17.0
39804.0,7.9,209.0,416.0,196.0,7.7,16.0,107.0,19.0
45804.0,7.9,170.0,380.0,146.0,7.8,23.0,127.0,21.0
42289.0,7.7,150.0,289.0,182.0,7.7,25.0,87.0,21.0
44548.0,7.9,218.0,272.0,216.0,7.7,16.0,101.0,18.0
36792.0,7.9,168.0,303.0,148.0,7.7,16.0,78.0,12.0
36410.0,8.0,173.0,396.0,242.0,7.7,21.0,70.0,18.0
33988.0,7.8,161.0,391.0,148.0,7.8,19.0,94.0,14.0
36479.0,8.1,192.0,422.0,176.0,7.8,20.0,152.0,16.0
31592.0,8.0,217.0,549.0,248.0,7.8,15.0,74.0,13.0
31789.0,7.9,215.0,549.0,234.0,7.8,18.0,101.0,18.0
27968.0,8.0,202.0,471.0,242.0,7.7,25.0,83.0,21.0
30853.0,8.0,179.0,455.0,168.0,7.6,24.0,99.0,22.0
29815.0,8.0,224.0,400.0,160.0,7.7,20.0,94.0,22.0
32578.0,7.8,223.0,443.0,184.0,7.8,29.0,86.0,22.0
33784.0,7.9,166.0,392.0,186.0,7.8,20.0,94.0,20.0
33029.0,7.9,226.0,624.0,264.0,7.6,27.0,60.0,22.0
48657.0,7.7,72.0,180.0,122.0,7.6,21.0,72.0,18.0
44085.0,7.4,183.0,325.0,228.0,7.7,15.0,94.0,18.0
34917.0,7.5,156.0,311.0,226.0,7.4,12.0,29.0,15.0
32217.0,7.7,365.0,370.0,172.0,7.6,13.0,70.0,16.0
38105.0,8.4,230.0,517.0,218.0,8.0,16.0,82.0,13.0
30701.0,8.1,136.0,447.0,196.0,7.6,29.0,106.0,27.0
34290.0,8.1,194.0,435.0,166.0,7.7,14.0,51.0,13.0
35338.0,8.0,195.0,574.0,166.0,7.7,17.0,83.0,16.0
37120.0,8.0,212.0,546.0,184.0,7.8,16.0,91.0,14.0
35190.0,8.1,227.0,812.0,350.0,7.8,21.0,91.0,20.0
33714.0,8.4,228.0,473.0,200.0,7.7,31.0,117.0,22.0
32736.0,8.2,257.0,629.0,312.0,7.8,28.0,108.0,22.0
34441.0,8.1,199.0,486.0,240.0,7.7,31.0,147.0,28.0
32888.0,8.1,185.0,401.0,156.0,7.8,24.0,97.0,22.0
34461.0,8.1,222.0,662.0,252.0,7.8,24.0,86.0,25.0
34045.0,8.0,129.0,506.0,178.0,7.6,22.0,54.0,19.0
36421.0,8.2,240.0,507.0,356.0,7.7,22.0,78.0,20.0
37662.0,8.1,238.0,490.0,170.0,8.0,23.0,95.0,20.0
29990.0,7.9,204.0,469.0,212.0,7.8,18.0,20.0,14.0
27340.0,7.7,254.0,411.0,174.0,7.7,17.0,96.0,19.0
30055.0,7.8,230.0,422.0,222.0,7.7,27.0,106.0,24.0
31494.0,8.0,290.0,459.0,228.0,7.8,28.0,57.0,22.0
31765.0,7.9,240.0,887.0,314.0,7.7,26.0,95.0,23.0
25342.0,8.3,275.0,494.0,212.0,7.8,18.0,138.0,22.0
32441.0,8.1,198.0,351.0,134.0,7.9,15.0,77.0,17.0
40740.0,8.2,127.0,444.0,172.0,7.8,15.0,85.0,15.0
34637.0,8.1,231.0,368.0,162.0,7.8,18.0,92.0,15.0
34322.0,8.4,249.0,600.0,216.0,7.7,18.0,88.0,12.0
35111.0,7.9,228.0,461.0,126.0,7.8,14.0,89.0,13.0
40585.0,8.3,230.0,524.0,158.0,7.8,13.0,92.0,13.0
37735.0,7.9,203.0,487.0,168.0,7.8,17.0,166.0,15.0
34277.0,8.2,133.0,531.0,220.0,7.7,11.0,83.0,17.0
41451.0,8.0,131.0,384.0,154.0,7.8,18.0,95.0,19.0
45183.0,7.8,205.0,347.0,142.0,7.7,19.0,100.0,19.0
27415.0,7.7,241.0,332.0,158.0,7.7,12.0,156.0,11.0
42614.0,8.3,113.0,347.0,120.0,7.8,7.0,84.0,11.0
48914.0,8.1,203.0,434.0,128.0,7.7,13.0,60.0,11.0
49174.0,7.9,188.0,434.0,126.0,7.8,22.0,155.0,28.0
45151.0,8.2,166.0,307.0,118.0,7.7,19.0,116.0,27.0
37143.0,8.2,222.0,493.0,162.0,7.7,16.0,105.0,11.0
30244.0,7.6,224.0,337.0,146.0,7.7,17.0,78.0,8.0
34032.0,8.2,223.0,470.0,166.0,7.8,16.0,86.0,13.0
34904.0,8.0,272.0,665.0,188.0,7.7,20.0,76.0,15.0
36063.0,8.2,346.0,350.0,144.0,7.8,20.0,61.0,10.0
35500.0,8.2,148.0,545.0,188.0,7.7,14.0,71.0,11.0
37730.0,8.0,427.0,815.0,204.0,7.4,23.0,101.0,20.0
28209.0,7.9,319.0,532.0,250.0,7.7,15.0,60.0,14.0
32680.0,8.2,334.0,594.0,256.0,7.9,20.0,62.0,11.0
32974.0,8.1,311.0,420.0,208.0,7.8,18.0,41.0,12.0
33189.0,8.1,238.0,591.0,202.0,7.9,16.0,63.0,17.0
34579.0,8.3,261.0,592.0,216.0,7.8,24.0,47.0,13.0
46126.0,7.5,122.0,289.0,114.0,7.6,12.0,99.0,10.0
43445.0,7.8,133.0,295.0,158.0,7.7,14.0,66.0,12.0
35990.0,7.9,142.0,272.0,160.0,7.6,18.0,74.0,14.0
36976.0,7.9,152.0,510.0,136.0,7.6,16.0,65.0,11.0
33085.0,7.7,185.0,518.0,202.0,7.7,14.0,65.0,13.0
34150.0,7.9,228.0,486.0,184.0,7.8,24.0,86.0,16.0
60081.0,7.6,100.0,212.0,280.0,7.4,15.0,59.0,14.0
57629.0,7.3,80.0,204.0,180.0,7.4,10.0,51.0,10.0
48110.0,7.7,179.0,340.0,150.0,7.2,14.0,96.0,10.0
59184.0,7.5,94.0,189.0,120.0,7.5,13.0,33.0,10.0
47489.0,7.6,135.0,297.0,164.0,7.7,20.0,43.0,18.0
35374.0,7.9,175.0,566.0,292.0,7.8,20.0,80.0,16.0
33434.0,7.9,223.0,538.0,284.0,7.9,18.0,104.0,19.0
31967.0,7.9,222.0,516.0,456.0,7.7,21.0,96.0,19.0
32835.0,7.8,159.0,516.0,248.0,7.7,17.0,72.0,15.0
33000.0,7.7,153.0,404.0,238.0,7.7,33.0,111.0,41.0
47243.0,7.7,168.0,376.0,272.0,7.7,14.0,87.0,15.0
40295.0,7.7,238.0,327.0,194.0,7.7,12.0,79.0,14.0
38792.0,7.7,250.0,431.0,196.0,7.7,15.0,90.0,17.0
36162.0,7.4,224.0,421.0,204.0,7.7,18.0,98.0,20.0
36495.0,7.7,213.0,627.0,2008.0,7.6,16.0,119.0,13.0
36922.0,7.6,122.0,338.0,174.0,7.6,14.0,44.0,12.0
43497.0,7.8,134.0,323.0,190.0,7.7,15.0,56.0,13.0
38809.0,7.6,179.0,432.0,1228.0,7.6,18.0,71.0,17.0
34301.0,7.9,243.0,459.0,286.0,7.8,15.0,103.0,14.0
33968.0,7.7,198.0,546.0,308.0,7.7,17.0,79.0,27.0
34573.0,7.7,156.0,276.0,146.0,7.7,30.0,43.0,44.0
35395.0,7.8,273.0,473.0,210.0,7.7,22.0,85.0,22.0
34525.0,7.8,312.0,576.0,224.0,7.8,23.0,74.0,23.0
35861.0,8.1,242.0,492.0,176.0,7.9,20.0,84.0,19.0
43082.0,7.8,173.0,496.0,178.0,7.7,23.0,88.0,23.0
27931.0,7.5,296.0,455.0,278.0,7.6,15.0,106.0,13.0
32954.0,7.7,269.0,423.0,192.0,7.7,16.0,110.0,15.0
33773.0,7.9,233.0,506.0,222.0,7.7,18.0,90.0,16.0
33666.0,7.6,237.0,494.0,204.0,7.6,24.0,71.0,57.0
39715.0,7.8,241.0,539.0,212.0,7.8,20.0,81.0,13.0
28923.0,7.2,133.0,467.0,186.0,7.5,20.0,147.0,31.0
32317.0,7.5,166.0,393.0,242.0,7.6,13.0,27.0,10.0
33090.0,7.9,205.0,453.0,198.0,7.8,15.0,70.0,22.0
33371.0,7.8,290.0,448.0,218.0,7.8,19.0,92.0,22.0
33813.0,7.7,212.0,468.0,224.0,7.8,18.0,92.0,14.0
35456.0,8.1,184.0,412.0,216.0,7.7,14.0,84.0,12.0
38045.0,8.1,177.0,428.0,220.0,7.7,20.0,104.0,18.0
31191.0,7.9,270.0,321.0,168.0,7.7,14.0,51.0,16.0
36215.0,7.5,161.0,392.0,266.0,7.7,15.0,59.0,13.0
34719.0,7.7,173.0,388.0,322.0,7.6,20.0,108.0,24.0
35729.0,7.7,334.0,841.0,616.0,7.8,23.0,100.0,20.0
36395.0,7.7,183.0,449.0,380.0,7.7,23.0,54.0,19.0
41503.0,7.5,133.0,346.0,274.0,7.0,17.0,65.0,18.0
27642.0,7.5,69.0,170.0,180.0,7.5,13.0,39.0,14.0
35760.0,7.6,115.0,295.0,182.0,7.7,19.0,58.0,19.0
33416.0,7.4,167.0,333.0,242.0,7.7,12.0,73.0,14.0
35518.0,7.8,133.0,105.0,208.0,7.7,16.0,20.0,16.0
32815.0,7.8,151.0,485.0,198.0,7.6,13.0,101.0,14.0
32454.0,7.4,148.0,545.0,202.0,7.4,11.0,163.0,11.0
26590.0,7.5,134.0,351.0,108.0,7.4,12.0,107.0,15.0
32334.0,7.6,179.0,461.0,298.0,7.4,20.0,125.0,24.0
35178.0,7.7,159.0,396.0,154.0,7.7,23.0,109.0,30.0
32308.0,7.7,118.0,295.0,178.0,7.6,12.0,72.0,11.0
31114.0,7.8,181.0,462.0,216.0,7.7,22.0,68.0,20.0
31205.0,7.7,214.0,467.0,242.0,7.7,22.0,86.0,22.0
35509.0,7.8,181.0,358.0,228.0,7.8,16.0,105.0,16.0
34903.0,7.7,227.0,416.0,218.0,7.7,25.0,86.0,16.0
34294.0,7.6,146.0,438.0,174.0,7.5,23.0,78.0,16.0
30614.0,7.7,146.0,313.0,168.0,7.6,16.0,59.0,15.0
33239.0,7.8,217.0,591.0,264.0,7.7,17.0,84.0,27.0
32100.0,7.5,277.0,523.0,324.0,7.7,21.0,53.0,19.0
32538.0,7.6,219.0,511.0,286.0,7.7,22.0,98.0,21.0
35571.0,7.2,166.0,549.0,138.0,7.6,15.0,85.0,9.0
33210.0,7.5,164.0,353.0,218.0,7.6,15.0,59.0,14.0
34097.0,7.8,192.0,330.0,190.0,7.7,10.0,70.0,19.0
31224.0,7.8,231.0,473.0,222.0,7.7,27.0,136.0,29.0
35389.0,7.6,157.0,392.0,232.0,7.6,18.0,65.0,22.0
36708.0,7.8,196.0,403.0,200.0,7.6,12.0,54.0,14.0
33064.0,7.7,266.0,438.0,200.0,7.8,13.0,104.0,16.0
31949.0,7.3,133.0,310.0,208.0,7.6,6.0,90.0,12.0
35195.0,7.6,134.0,404.0,190.0,7.6,17.0,95.0,26.0
34886.0,7.6,178.0,310.0,198.0,7.7,13.0,62.0,22.0
33708.0,7.8,171.0,380.0,164.0,7.7,12.0,74.0,13.0
32253.0,7.7,140.0,380.0,178.0,7.8,15.0,92.0,22.0
29793.0,7.6,137.0,372.0,170.0,7.8,10.0,78.0,10.0
32208.0,7.6,145.0,258.0,194.0,7.8,19.0,55.0,20.0
33649.0,7.5,147.0,351.0,230.0,7.8,24.0,89.0,17.0
34536.0,7.6,133.0,316.0,188.0,7.7,20.0,104.0,22.0
33178.0,7.6,155.0,392.0,182.0,7.8,12.0,68.0,15.0
30442.0,7.8,152.0,318.0,204.0,7.9,13.0,62.0,13.0
29448.0,7.6,115.0,272.0,266.0,7.6,18.0,52.0,18.0
33623.0,7.8,135.0,366.0,240.0,7.8,29.0,84.0,23.0
30927.0,7.8,184.0,424.0,366.0,7.7,13.0,64.0,15.0
34823.0,7.9,170.0,332.0,226.0,7.8,21.0,24.0,18.0
34018.0,7.6,153.0,464.0,274.0,7.7,21.0,92.0,18.0
42876.0,7.8,133.0,349.0,310.0,7.8,16.0,55.0,19.0
34820.0,8.1,185.0,439.0,256.0,7.8,33.0,47.0,21.0
31780.0,7.7,175.0,457.0,262.0,7.8,25.0,64.0,24.0
33370.0,7.8,223.0,511.0,202.0,7.8,22.0,81.0,22.0
34408.0,8.0,174.0,442.0,268.0,7.9,20.0,54.0,18.0
32720.0,7.8,235.0,489.0,252.0,7.9,27.0,140.0,24.0
28707.0,7.8,117.0,296.0,142.0,7.8,23.0,77.0,19.0
36182.0,7.7,195.0,380.0,216.0,7.9,37.0,100.0,18.0
35400.0,7.6,156.0,364.0,194.0,7.7,21.0,64.0,18.0
30964.0,7.7,220.0,540.0,184.0,7.9,16.0,27.0,15.0
35573.0,7.6,176.0,333.0,178.0,7.6,16.0,67.0,23.0
29801.0,7.7,172.0,400.0,136.0,7.7,15.0,59.0,22.0
29834.0,7.4,160.0,348.0,194.0,7.7,15.0,95.0,28.0
28492.0,7.5,124.0,281.0,172.0,7.8,12.0,75.0,20.0
29719.0,7.6,133.0,284.0,186.0,7.8,11.0,60.0,21.0
29741.0,7.9,151.0,316.0,196.0,8.0,16.0,44.0,22.0
29027.0,7.6,136.0,328.0,186.0,7.8,11.0,76.0,23.0
30211.0,7.6,114.0,521.0,506.0,7.9,11.0,44.0,20.0
30848.0,7.7,142.0,376.0,144.0,7.8,9.0,57.0,14.0
17527.0,7.5,150.0,171.0,172.0,7.6,11.0,39.0,16.0
33331.0,7.6,92.0,233.0,234.0,7.7,8.0,47.0,18.0
27998.0,7.5,138.0,268.0,154.0,7.8,8.0,33.0,13.0
32845.0,7.6,84.0,251.0,98.0,7.6,7.0,49.0,17.0
27933.0,7.6,158.0,375.0,178.0,7.9,9.0,103.0,30.0
27527.0,7.3,191.0,240.0,166.0,7.5,8.0,44.0,11.0
32363.0,7.6,159.0,310.0,146.0,7.9,21.0,59.0,16.0
31437.0,7.6,132.0,304.0,148.0,7.9,14.0,42.0,13.0
31914.0,7.7,127.0,274.0,144.0,7.8,9.0,35.0,16.0
28088.0,7.5,153.0,307.0,124.0,7.9,10.0,46.0,12.0
27838.0,7.6,179.0,265.0,128.0,7.9,11.0,54.0,14.0
29271.0,7.5,99.0,585.0,140.0,7.7,25.0,95.0,26.0
32723.0,7.7,93.0,252.0,176.0,7.9,19.0,54.0,6.0
33535.0,7.8,192.0,346.0,172.0,7.9,17.0,88.0,16.0
32922.0,7.4,139.0,367.0,180.0,7.7,25.0,84.0,20.0
32190.0,7.3,200.0,545.0,258.0,7.7,21.0,71.0,27.0
30488.0,7.5,152.0,300.0,132.0,7.3,17.0,55.0,18.0
