date,effluent_bod5,elevated_30,extreme_50,severe_75,robust_z_score,isolation_forest_1pct,isolation_forest_2pct,isolation_forest_5pct,isolation_forest_10pct,robust_anomaly
D-5/3/90,20.0,0,0,0,2.373800407331976,0.3875445430745056,0.3875445430745056,0.3875445430745056,0.3875445430745056,0
D-6/3/90,19.0,0,0,0,2.3904860215053763,0.3713488588335714,0.3713488588335714,0.3713488588335714,0.3713488588335714,0
D-7/3/90,20.0,0,0,0,2.459941176470588,0.39380941896727367,0.39380941896727367,0.39380941896727367,0.39380941896727367,0
D-8/3/90,21.0,0,0,0,2.140804347826087,0.3843581238676147,0.3843581238676147,0.3843581238676147,0.3843581238676147,0
D-9/3/90,17.0,0,0,0,1.9170000000000018,0.39532036239568213,0.39532036239568213,0.39532036239568213,0.39532036239568213,0
D-11/3/90,16.0,0,0,0,1.6380714285714286,0.3666739210634935,0.3666739210634935,0.3666739210634935,0.3666739210634935,0
D-12/3/90,19.0,0,0,0,2.499617647058823,0.40419966810216124,0.40419966810216124,0.40419966810216124,0.40419966810216124,0
D-13/3/90,152.0,1,1,1,142.31950000000134,0.6663143065497245,0.6663143065497245,0.6663143065497245,0.6663143065497245,1
D-14/3/90,320.0,1,1,1,127.70533333333456,0.5315187448582699,0.5315187448582699,0.5315187448582699,0.5315187448582699,1
D-15/3/90,84.0,1,1,1,20.883557692307622,0.5787008285498013,0.5787008285498013,0.5787008285498013,0.5787008285498013,1
D-16/3/90,32.0,1,0,0,12.218826923076882,0.49120622111934714,0.49120622111934714,0.49120622111934714,0.49120622111934714,1
D-18/3/90,19.0,0,0,0,3.268730769230757,0.39120455045735253,0.39120455045735253,0.39120455045735253,0.39120455045735253,0
D-19/3/90,25.0,0,0,0,3.9405000000000037,0.4078995816665006,0.4078995816665006,0.4078995816665006,0.4078995816665006,1
D-20/3/90,14.0,0,0,0,3.1831666666666676,0.4302578649730595,0.4302578649730595,0.4302578649730595,0.4302578649730595,0
D-21/3/90,24.0,0,0,0,6.745000000000001,0.4290374953337905,0.4290374953337905,0.4290374953337905,0.4290374953337905,1
D-22/3/90,42.0,1,0,0,3.813519230769219,0.4177649671056438,0.4177649671056438,0.4177649671056438,0.4177649671056438,1
D-23/3/90,23.0,0,0,0,2.023499999999988,0.39416125291280074,0.39416125291280074,0.39416125291280074,0.39416125291280074,0
D-25/3/90,16.0,0,0,0,2.023499999999988,0.3757448892741885,0.3757448892741885,0.3757448892741885,0.3757448892741885,0
D-26/3/90,19.0,0,0,0,2.023499999999988,0.3754796869929869,0.3754796869929869,0.3754796869929869,0.3754796869929869,0
D-27/3/90,15.0,0,0,0,2.0235000000000003,0.37955795560334726,0.37955795560334726,0.37955795560334726,0.37955795560334726,0
D-28/3/90,16.0,0,0,0,0.9776460674157306,0.3579738231229688,0.3579738231229688,0.3579738231229688,0.3579738231229688,0
D-29/3/90,15.0,0,0,0,2.4485075268817207,0.37000958329536865,0.37000958329536865,0.37000958329536865,0.37000958329536865,0
D-30/3/90,17.0,0,0,0,1.7009130434782609,0.37676242170826413,0.37676242170826413,0.37676242170826413,0.37676242170826413,0
D-2/2/90,19.0,0,0,0,2.9276170212766037,0.41511706915978863,0.41511706915978863,0.41511706915978863,0.41511706915978863,0
D-4/2/90,19.0,0,0,0,1.9456730769230706,0.36771478274991987,0.36771478274991987,0.36771478274991987,0.36771478274991987,0
D-5/2/90,32.0,1,0,0,2.8739565217391303,0.4306928784668568,0.4306928784668568,0.4306928784668568,0.4306928784668568,0
D-6/2/90,47.0,1,0,0,5.110634615384599,0.45185860724357557,0.45185860724357557,0.45185860724357557,0.45185860724357557,1
D-7/2/90,26.0,0,0,0,2.8795961538461428,0.3748833283867789,0.3748833283867789,0.3748833283867789,0.3748833283867789,0
D-8/2/90,26.0,0,0,0,2.4479044943820227,0.39492527066700844,0.39492527066700844,0.39492527066700844,0.39492527066700844,0
D-9/2/90,24.0,0,0,0,2.9276170212766037,0.39037907239300274,0.39037907239300274,0.39037907239300274,0.39037907239300274,0
D-11/2/90,22.0,0,0,0,2.646115384615377,0.3850295300971357,0.3850295300971357,0.3850295300971357,0.3850295300971357,0
D-12/2/90,34.0,1,0,0,2.646115384615377,0.3816020485729698,0.3816020485729698,0.3816020485729698,0.3816020485729698,0
D-14/2/90,23.0,0,0,0,2.023499999999988,0.37287464559369043,0.37287464559369043,0.37287464559369043,0.37287464559369043,0
D-15/2/90,27.0,0,0,0,2.65252808988764,0.3984134415486636,0.3984134415486636,0.3984134415486636,0.3984134415486636,0
D-16/2/90,25.0,0,0,0,1.5738333333333332,0.37416069263975715,0.37416069263975715,0.37416069263975715,0.37416069263975715,0
D-18/2/90,24.0,0,0,0,4.351612903225795,0.39438250197425756,0.39438250197425756,0.39438250197425756,0.39438250197425756,1
D-19/2/90,23.0,0,0,0,12.141000000000128,0.41551504401572953,0.41551504401572953,0.41551504401572953,0.41551504401572953,1
D-21/2/90,24.0,0,0,0,2.133302325581395,0.39234677384106936,0.39234677384106936,0.39234677384106936,0.39234677384106936,0
D-22/2/90,29.0,0,0,0,2.023499999999988,0.36184485586516074,0.36184485586516074,0.36184485586516074,0.36184485586516074,0
D-23/2/90,16.0,0,0,0,2.023499999999988,0.38134986172075086,0.38134986172075086,0.38134986172075086,0.38134986172075086,0
D-25/2/90,30.0,1,0,0,4.825269230769214,0.39784406408029227,0.39784406408029227,0.39784406408029227,0.39784406408029227,1
D-1/1/90,16.0,0,0,0,3.217798165137612,0.39527499766035445,0.39527499766035445,0.39527499766035445,0.39527499766035445,0
D-2/1/90,22.0,0,0,0,1.2431960784313725,0.35822695852754893,0.35822695852754893,0.35822695852754893,0.35822695852754893,0
D-3/1/90,29.0,0,0,0,1.2711730769230705,0.3709160351515721,0.3709160351515721,0.3709160351515721,0.3709160351515721,0
D-4/1/90,28.0,0,0,0,2.0821521739130433,0.3855874313966804,0.3855874313966804,0.3855874313966804,0.3855874313966804,0
D-7/1/90,21.0,0,0,0,2.023499999999988,0.3939210788066411,0.3939210788066411,0.3939210788066411,0.3939210788066411,0
D-8/1/90,38.0,1,0,0,2.2095689655172372,0.365506386951731,0.365506386951731,0.365506386951731,0.365506386951731,0
D-9/1/90,29.0,0,0,0,2.983365384615375,0.3864674270981188,0.3864674270981188,0.3864674270981188,0.3864674270981188,0
D-10/1/90,28.0,0,0,0,1.6129347826086955,0.35714354720950003,0.35714354720950003,0.35714354720950003,0.35714354720950003,0
D-11/1/90,21.0,0,0,0,1.3726666666666687,0.36514203454007205,0.36514203454007205,0.36514203454007205,0.36514203454007205,0
D-12/1/90,28.0,0,0,0,6.745000000000001,0.46686848662948427,0.46686848662948427,0.46686848662948427,0.46686848662948427,1
D-14/1/90,17.0,0,0,0,1.5738333333333545,0.3672529419503301,0.3672529419503301,0.3672529419503301,0.3672529419503301,0
D-15/1/90,30.0,1,0,0,2.6201730769230664,0.3938556023099138,0.3938556023099138,0.3938556023099138,0.3938556023099138,0
D-16/1/90,26.0,0,0,0,2.893822580645153,0.40310685960693976,0.40310685960693976,0.40310685960693976,0.40310685960693976,0
D-17/1/90,27.0,0,0,0,2.9228333333333545,0.3854792704366134,0.3854792704366134,0.3854792704366134,0.3854792704366134,0
D-18/1/90,22.0,0,0,0,3.7641451612903114,0.39645855299586297,0.39645855299586297,0.39645855299586297,0.39645855299586297,1
D-19/1/90,19.0,0,0,0,1.2474623655913977,0.36397574287629864,0.36397574287629864,0.36397574287629864,0.36397574287629864,0
D-21/1/90,17.0,0,0,0,2.9228333333333545,0.4047927976422328,0.4047927976422328,0.4047927976422328,0.4047927976422328,0
D-22/1/90,29.0,0,0,0,2.5257872340425584,0.37207377936915814,0.37207377936915814,0.37207377936915814,0.37207377936915814,0
D-23/1/90,27.0,0,0,0,2.1532115384615307,0.4096614881717617,0.4096614881717617,0.4096614881717617,0.4096614881717617,0
D-24/1/90,19.0,0,0,0,2.932608695652174,0.3849052107350253,0.3849052107350253,0.3849052107350253,0.3849052107350253,0
D-25/1/90,23.0,0,0,0,4.765016129032243,0.43531108075113456,0.43531108075113456,0.43531108075113456,0.43531108075113456,1
D-26/1/90,22.0,0,0,0,2.5691629213483145,0.41303312192073266,0.41303312192073266,0.41303312192073266,0.41303312192073266,0
D-28/1/90,21.0,0,0,0,3.388186046511628,0.4292747344621108,0.4292747344621108,0.4292747344621108,0.4292747344621108,0
D-29/1/90,27.0,0,0,0,6.745000000000001,0.44029374137662347,0.44029374137662347,0.44029374137662347,0.44029374137662347,1
D-30/1/90,27.0,0,0,0,2.6980000000000004,0.3996479588868429,0.3996479588868429,0.3996479588868429,0.3996479588868429,0
D-1/6/90,29.0,0,0,0,2.4731666666667094,0.3617391341836368,0.3617391341836368,0.3617391341836368,0.3617391341836368,0
D-3/6/90,14.0,0,0,0,2.023499999999994,0.37055662544997026,0.37055662544997026,0.37055662544997026,0.37055662544997026,0
D-4/6/90,15.0,0,0,0,1.4356330275229343,0.3659842347301734,0.3659842347301734,0.3659842347301734,0.3659842347301734,0
D-5/6/90,19.0,0,0,0,18.258558139534884,0.546994267821862,0.546994267821862,0.546994267821862,0.546994267821862,1
D-6/6/90,25.0,0,0,0,2.007813953488372,0.36887709537113617,0.36887709537113617,0.36887709537113617,0.36887709537113617,0
D-7/6/90,15.0,0,0,0,2.035333333333335,0.36445883830715914,0.36445883830715914,0.36445883830715914,0.36445883830715914,0
D-8/6/90,39.0,1,0,0,8.094000000000001,0.5053013555767177,0.5053013555767177,0.5053013555767177,0.5053013555767177,1
D-10/6/90,19.0,0,0,0,3.3725000000000005,0.41120139174649406,0.41120139174649406,0.41120139174649406,0.41120139174649406,0
D-11/6/90,28.0,0,0,0,9.160651162790698,0.5451962277742393,0.5451962277742393,0.5451962277742393,0.5451962277742393,1
D-12/6/90,24.0,0,0,0,7.215581395348837,0.46609810501566445,0.46609810501566445,0.46609810501566445,0.46609810501566445,1
D-13/6/90,25.0,0,0,0,5.082279069767441,0.444223020639678,0.444223020639678,0.444223020639678,0.444223020639678,1
D-14/6/90,22.0,0,0,0,5.7097209302325584,0.45364612454937997,0.45364612454937997,0.45364612454937997,0.45364612454937997,1
D-15/6/90,23.0,0,0,0,2.2153302752293555,0.3851897238660859,0.3851897238660859,0.3851897238660859,0.3851897238660859,0
D-18/6/90,33.0,1,0,0,2.886232558139535,0.426114476559135,0.426114476559135,0.426114476559135,0.426114476559135,0
D-19/6/90,18.0,0,0,0,2.6352558139534885,0.39986396257706613,0.39986396257706613,0.39986396257706613,0.39986396257706613,0
D-20/6/90,24.0,0,0,0,3.450930232558139,0.39680676648863566,0.39680676648863566,0.39680676648863566,0.39680676648863566,0
D-21/6/90,15.0,0,0,0,3.388186046511628,0.40001307236473466,0.40001307236473466,0.40001307236473466,0.40001307236473466,0
D-22/6/90,15.0,0,0,0,2.007813953488372,0.38191143031614255,0.38191143031614255,0.38191143031614255,0.38191143031614255,0
D-24/6/90,17.0,0,0,0,2.023499999999988,0.36297584579987585,0.36297584579987585,0.36297584579987585,0.36297584579987585,0
D-26/6/90,16.0,0,0,0,5.521488372093024,0.44412252175451933,0.44412252175451933,0.44412252175451933,0.44412252175451933,1
D-27/6/90,19.0,0,0,0,2.1658256880733924,0.3633604696706128,0.3633604696706128,0.3633604696706128,0.3633604696706128,0
D-28/6/90,13.0,0,0,0,1.3490000000000002,0.36664553407234873,0.36664553407234873,0.36664553407234873,0.36664553407234873,0
D-29/6/90,18.0,0,0,0,1.3490000000000002,0.3498152083541006,0.3498152083541006,0.3498152083541006,0.3498152083541006,0
D-1/5/90,26.0,0,0,0,17.986666666666835,0.41803876512291543,0.41803876512291543,0.41803876512291543,0.41803876512291543,1
D-2/5/90,26.0,0,0,0,8.993333333333418,0.3963477943719987,0.3963477943719987,0.3963477943719987,0.3963477943719987,1
D-3/5/90,29.0,0,0,0,3.294673076923067,0.41022832895589023,0.41022832895589023,0.41022832895589023,0.41022832895589023,0
D-4/5/90,30.0,1,0,0,3.9432307692307567,0.38202857033654886,0.38202857033654886,0.38202857033654886,0.38202857033654886,1
D-6/5/90,42.0,1,0,0,6.38180769230767,0.4600110201689722,0.4600110201689722,0.4600110201689722,0.4600110201689722,1
D-7/5/90,20.0,0,0,0,7.403813953488371,0.49458680292176066,0.49458680292176066,0.49458680292176066,0.49458680292176066,1
D-8/5/90,26.0,0,0,0,2.801769230769221,0.3862605439635496,0.3862605439635496,0.3862605439635496,0.3862605439635496,0
D-9/5/90,24.0,0,0,0,2.964662790697674,0.4178460923631967,0.4178460923631967,0.4178460923631967,0.4178460923631967,0
D-10/5/90,19.0,0,0,0,2.672057692307683,0.36371762771711136,0.36371762771711136,0.36371762771711136,0.36371762771711136,0
D-11/5/90,28.0,0,0,0,2.4731666666666667,0.387750482421383,0.387750482421383,0.387750482421383,0.387750482421383,0
D-13/5/90,28.0,0,0,0,2.1630517241379295,0.37695037199411696,0.37695037199411696,0.37695037199411696,0.37695037199411696,0
D-14/5/90,23.0,0,0,0,8.094000000000001,0.4650914515481149,0.4650914515481149,0.4650914515481149,0.4650914515481149,1
D-15/5/90,14.0,0,0,0,6.744999999999999,0.4600122974674969,0.4600122974674969,0.4600122974674969,0.4600122974674969,1
D-17/5/90,19.0,0,0,0,11.466500000000002,0.43001577037452243,0.43001577037452243,0.43001577037452243,0.43001577037452243,1
D-18/5/90,13.0,0,0,0,3.325441860465116,0.4169355863808839,0.4169355863808839,0.4169355863808839,0.4169355863808839,0
D-20/5/90,13.0,0,0,0,1.2504775280898874,0.3692134087408487,0.3692134087408487,0.3692134087408487,0.3692134087408487,0
D-21/5/90,15.0,0,0,0,1.8870842696629213,0.3864821547854523,0.3864821547854523,0.3864821547854523,0.3864821547854523,0
D-22/5/90,27.0,0,0,0,3.125958620689655,0.41821824904146715,0.41821824904146715,0.41821824904146715,0.41821824904146715,0
D-23/5/90,12.0,0,0,0,2.8003379310344827,0.3990484800402678,0.3990484800402678,0.3990484800402678,0.3990484800402678,0
D-24/5/90,25.0,0,0,0,1.808549450549452,0.3631300817723086,0.3631300817723086,0.3631300817723086,0.3631300817723086,0
D-25/5/90,16.0,0,0,0,1.3489999999999942,0.3636363831842665,0.3636363831842665,0.3636363831842665,0.3636363831842665,0
D-27/5/90,17.0,0,0,0,3.068604395604398,0.3964783078074605,0.3964783078074605,0.3964783078074605,0.3964783078074605,0
D-28/5/90,24.0,0,0,0,2.7197580645161215,0.4017352538111709,0.4017352538111709,0.4017352538111709,0.4017352538111709,0
D-29/5/90,32.0,1,0,0,4.2795862068965445,0.4497585746671167,0.4497585746671167,0.4497585746671167,0.4497585746671167,1
D-30/5/90,15.0,0,0,0,1.9864395604395604,0.38594709214942025,0.38594709214942025,0.38594709214942025,0.38594709214942025,0
D-1/4/90,17.0,0,0,0,2.893822580645153,0.38201448504885266,0.38201448504885266,0.38201448504885266,0.38201448504885266,0
D-2/4/90,10.0,0,0,0,2.6793931034482763,0.44433110123769864,0.44433110123769864,0.44433110123769864,0.44433110123769864,0
D-3/4/90,13.0,0,0,0,2.6980000000000004,0.392103767741508,0.392103767741508,0.392103767741508,0.392103767741508,0
D-4/4/90,12.0,0,0,0,1.4187758620689614,0.3570595906652847,0.3570595906652847,0.3570595906652847,0.3570595906652847,0
D-5/4/90,17.0,0,0,0,2.6980000000000004,0.3699813954793408,0.3699813954793408,0.3699813954793408,0.3699813954793408,0
D-6/4/90,14.0,0,0,0,1.3490000000000002,0.35562953047956053,0.35562953047956053,0.35562953047956053,0.35562953047956053,0
D-8/4/90,15.0,0,0,0,2.865462068965517,0.4335218831391485,0.4335218831391485,0.4335218831391485,0.4335218831391485,0
D-9/4/90,21.0,0,0,0,3.3910642201834835,0.39999343043008767,0.39999343043008767,0.39999343043008767,0.39999343043008767,0
D-10/4/90,26.0,0,0,0,2.023499999999988,0.37707726675587383,0.37707726675587383,0.37707726675587383,0.37707726675587383,0
D-11/4/90,12.0,0,0,0,2.893822580645153,0.40477362908156317,0.40477362908156317,0.40477362908156317,0.40477362908156317,0
D-13/4/90,11.0,0,0,0,3.372499999999982,0.4001037730541804,0.4001037730541804,0.4001037730541804,0.4001037730541804,0
D-16/4/90,18.0,0,0,0,2.023499999999988,0.39253733338839997,0.39253733338839997,0.39253733338839997,0.39253733338839997,0
D-17/4/90,16.0,0,0,0,2.542346153846145,0.4363405178042184,0.4363405178042184,0.4363405178042184,0.4363405178042184,0
D-18/4/90,18.0,0,0,0,1.537232558139535,0.36158822474156016,0.36158822474156016,0.36158822474156016,0.36158822474156016,0
D-19/4/90,41.0,1,0,0,4.695557692307675,0.44215662910581893,0.44215662910581893,0.44215662910581893,0.44215662910581893,1
D-20/4/90,16.0,0,0,0,2.2979517241379313,0.37858882571224023,0.37858882571224023,0.37858882571224023,0.37858882571224023,0
D-22/4/90,9.0,0,0,0,1.9838235294117645,0.4084195837748846,0.4084195837748846,0.4084195837748846,0.4084195837748846,0
D-23/4/90,19.0,0,0,0,7.869166666666741,0.4054415988271576,0.4054415988271576,0.4054415988271576,0.4054415988271576,1
D-24/4/90,18.0,0,0,0,2.863666666666669,0.3845859895338431,0.3845859895338431,0.3845859895338431,0.3845859895338431,0
D-25/4/90,42.0,1,0,0,4.605206896551717,0.4156411858755495,0.4156411858755495,0.4156411858755495,0.4156411858755495,1
D-26/4/90,31.0,1,0,0,16.637666666666835,0.44466978841013466,0.44466978841013466,0.44466978841013466,0.44466978841013466,1
D-27/4/90,39.0,1,0,0,10.567166666666774,0.4860128990128573,0.4860128990128573,0.4860128990128573,0.4860128990128573,1
D-29/4/90,44.0,1,0,0,95.7790000000009,0.621071222667143,0.621071222667143,0.621071222667143,0.621071222667143,1
D-1/7/90,9.0,0,0,0,3.372499999999982,0.4189647426008213,0.4189647426008213,0.4189647426008213,0.4189647426008213,0
D-2/7/90,28.0,0,0,0,2.5386476578411403,0.3981473081421537,0.3981473081421537,0.3981473081421537,0.3981473081421537,0
D-3/7/90,13.0,0,0,0,3.153868965517242,0.4139762329269898,0.4139762329269898,0.4139762329269898,0.4139762329269898,0
D-4/7/90,15.0,0,0,0,2.023499999999988,0.3657126658553336,0.3657126658553336,0.3657126658553336,0.3657126658553336,0
D-5/7/90,11.0,0,0,0,1.18618965517241,0.3553469735175698,0.3553469735175698,0.3553469735175698,0.3553469735175698,0
D-6/7/90,14.0,0,0,0,2.3324645161290323,0.37509329125947255,0.37509329125947255,0.37509329125947255,0.37509329125947255,0
D-8/7/90,18.0,0,0,0,2.785918533604888,0.4447844094143491,0.4447844094143491,0.4447844094143491,0.4447844094143491,0
D-9/7/90,14.0,0,0,0,2.7445172413793073,0.37747668092118114,0.37747668092118114,0.37747668092118114,0.37747668092118114,0
D-10/7/90,23.0,0,0,0,4.035166666666671,0.412198281038513,0.412198281038513,0.412198281038513,0.412198281038513,1
D-11/7/90,14.0,0,0,0,1.6010109890109894,0.365791546534833,0.365791546534833,0.365791546534833,0.365791546534833,0
D-12/7/90,27.0,0,0,0,2.1165344827586186,0.35867056190712626,0.35867056190712626,0.35867056190712626,0.35867056190712626,0
D-13/7/90,17.0,0,0,0,1.3489999999999942,0.35950513115367144,0.35950513115367144,0.35950513115367144,0.35950513115367144,0
D-15/7/90,18.0,0,0,0,2.893822580645153,0.3950738740649955,0.3950738740649955,0.3950738740649955,0.3950738740649955,0
D-16/7/90,16.0,0,0,0,2.456224032586558,0.3794075099287212,0.3794075099287212,0.3794075099287212,0.3794075099287212,0
D-17/7/90,18.0,0,0,0,2.8960183486238504,0.3731124228721693,0.3731124228721693,0.3731124228721693,0.3731124228721693,0
D-18/7/90,18.0,0,0,0,3.8410236559139785,0.4498290682788407,0.4498290682788407,0.4498290682788407,0.4498290682788407,1
D-19/7/90,31.0,1,0,0,9.443000000000001,0.4395570136501147,0.4395570136501147,0.4395570136501147,0.4395570136501147,1
D-20/7/90,18.0,0,0,0,10.117500000000001,0.4673232757836883,0.4673232757836883,0.4673232757836883,0.4673232757836883,1
D-22/7/90,18.0,0,0,0,3.524806451612894,0.3905568693798756,0.3905568693798756,0.3905568693798756,0.3905568693798756,1
D-23/7/90,23.0,0,0,0,1.8678461538461484,0.3766869569648712,0.3766869569648712,0.3766869569648712,0.3766869569648712,0
D-24/7/90,22.0,0,0,0,5.646976744186047,0.46233142010803935,0.46233142010803935,0.46233142010803935,0.46233142010803935,1
D-25/7/90,16.0,0,0,0,7.780279069767443,0.5039081606961889,0.5039081606961889,0.5039081606961889,0.5039081606961889,1
D-27/7/90,19.0,0,0,0,4.271833333333387,0.40626646869536,0.40626646869536,0.40626646869536,0.40626646869536,1
D-29/7/90,19.0,0,0,0,3.372500000000003,0.43528543064204694,0.43528543064204694,0.43528543064204694,0.43528543064204694,0
D-30/7/90,12.0,0,0,0,1.3489999999999942,0.3613776586023026,0.3613776586023026,0.3613776586023026,0.3613776586023026,0
D-31/7/90,17.0,0,0,0,2.2010000000000027,0.3929300013507385,0.3929300013507385,0.3929300013507385,0.3929300013507385,0
D-2/9/90,12.0,0,0,0,2.023499999999988,0.41790250026201514,0.41790250026201514,0.41790250026201514,0.41790250026201514,0
D-3/9/90,14.0,0,0,0,2.1584,0.3818778270979697,0.3818778270979697,0.3818778270979697,0.3818778270979697,0
D-4/9/90,14.0,0,0,0,2.023499999999988,0.37429663699540316,0.37429663699540316,0.37429663699540316,0.37429663699540316,0
D-5/9/90,18.0,0,0,0,24.28200000000022,0.48337913258415943,0.48337913258415943,0.48337913258415943,0.48337913258415943,1
D-6/9/90,14.0,0,0,0,1.4606413793103452,0.35892737528381674,0.35892737528381674,0.35892737528381674,0.35892737528381674,0
D-7/9/90,13.0,0,0,0,2.8518333333333366,0.38844559264560435,0.38844559264560435,0.38844559264560435,0.38844559264560435,0
D-9/9/90,13.0,0,0,0,1.5275845213849286,0.3839338859831604,0.3839338859831604,0.3839338859831604,0.3839338859831604,0
D-11/9/90,6.0,0,0,0,1.9098202247191005,0.3931151625312061,0.3931151625312061,0.3931151625312061,0.3931151625312061,0
D-12/9/90,11.0,0,0,0,1.8823255813953488,0.39290553831703356,0.39290553831703356,0.39290553831703356,0.39290553831703356,0
D-13/9/90,11.0,0,0,0,3.9398492871690425,0.413257531960644,0.413257531960644,0.413257531960644,0.413257531960644,1
D-14/9/90,12.0,0,0,0,6.56803440860215,0.5068440003218693,0.5068440003218693,0.5068440003218693,0.5068440003218693,1
D-16/9/90,11.0,0,0,0,9.06653488372093,0.5051125508853874,0.5051125508853874,0.5051125508853874,0.5051125508853874,1
D-17/9/90,10.0,0,0,0,1.9059266055045851,0.3837069669174994,0.3837069669174994,0.3837069669174994,0.3837069669174994,0
D-18/9/90,12.0,0,0,0,4.628678899082566,0.4224411213160276,0.4224411213160276,0.4224411213160276,0.4224411213160276,1
D-19/9/90,8.0,0,0,0,3.2305000000000033,0.3880650387319405,0.3880650387319405,0.3880650387319405,0.3880650387319405,0
D-20/9/90,12.0,0,0,0,1.7203539325842692,0.3738110886006488,0.3738110886006488,0.3738110886006488,0.3738110886006488,0
D-21/9/90,9.0,0,0,0,1.550166666666669,0.38908314886668943,0.38908314886668943,0.38908314886668943,0.38908314886668943,0
D-23/9/90,13.0,0,0,0,8.094000000000001,0.45168677821780345,0.45168677821780345,0.45168677821780345,0.45168677821780345,1
D-24/9/90,11.0,0,0,0,3.121523255813954,0.4238656490521486,0.4238656490521486,0.4238656490521486,0.4238656490521486,0
D-25/9/90,19.0,0,0,0,3.242550458715594,0.3952898974798986,0.3952898974798986,0.3952898974798986,0.3952898974798986,0
D-26/9/90,14.0,0,0,0,1.1815379310344831,0.3627165871815985,0.3627165871815985,0.3627165871815985,0.3627165871815985,0
D-27/9/90,11.0,0,0,0,3.7641451612903114,0.4449286323427232,0.4449286323427232,0.4449286323427232,0.4449286323427232,1
D-28/9/90,15.0,0,0,0,2.007813953488372,0.3856293736830626,0.3856293736830626,0.3856293736830626,0.3856293736830626,0
D-30/9/90,13.0,0,0,0,3.981725806451601,0.42135028264202173,0.42135028264202173,0.42135028264202173,0.42135028264202173,1
D-1/8/90,22.0,0,0,0,2.697999999999982,0.42600186160637127,0.42600186160637127,0.42600186160637127,0.42600186160637127,0
D-2/8/90,18.0,0,0,0,2.697999999999982,0.4237283561793111,0.4237283561793111,0.4237283561793111,0.4237283561793111,0
D-3/8/90,19.0,0,0,0,2.4287494908350307,0.43913452382771945,0.43913452382771945,0.43913452382771945,0.43913452382771945,0
D-5/8/90,8.0,0,0,0,3.28981935483871,0.4443967375384185,0.4443967375384185,0.4443967375384185,0.4443967375384185,0
D-6/8/90,11.0,0,0,0,3.9818758620689656,0.47206104739820315,0.47206104739820315,0.47206104739820315,0.47206104739820315,1
D-7/8/90,5.0,0,0,0,3.5260068965517246,0.45556881538809707,0.45556881538809707,0.45556881538809707,0.45556881538809707,1
D-8/8/90,8.0,0,0,0,3.0389560439560457,0.47180757022060493,0.47180757022060493,0.47180757022060493,0.47180757022060493,0
D-9/8/90,12.0,0,0,0,2.953844827586202,0.4463414521062786,0.4463414521062786,0.4463414521062786,0.4463414521062786,0
D-10/8/90,21.0,0,0,0,7.000844827586194,0.5414816264703043,0.5414816264703043,0.5414816264703043,0.5414816264703043,1
D-12/8/90,3.0,0,0,0,8.70322580645159,0.5798494222204201,0.5798494222204201,0.5798494222204201,0.5798494222204201,1
D-13/8/90,7.0,0,0,0,3.6509633027522908,0.4806718940844712,0.4806718940844712,0.4806718940844712,0.4806718940844712,1
D-15/8/90,11.0,0,0,0,5.504790322580629,0.4287993069602684,0.4287993069602684,0.4287993069602684,0.4287993069602684,1
D-16/8/90,14.0,0,0,0,4.63446774193547,0.3996647385510067,0.3996647385510067,0.3996647385510067,0.3996647385510067,1
D-17/8/90,11.0,0,0,0,2.9110000000000027,0.38109443601124715,0.38109443601124715,0.38109443601124715,0.38109443601124715,0
D-19/8/90,20.0,0,0,0,7.186913793103436,0.45821335600627583,0.45821335600627583,0.45821335600627583,0.45821335600627583,1
D-20/8/90,19.0,0,0,0,8.986080645161264,0.4888256018936937,0.4888256018936937,0.4888256018936937,0.4888256018936937,1
D-21/8/90,14.0,0,0,0,2.697999999999982,0.40045719104063554,0.40045719104063554,0.40045719104063554,0.40045719104063554,0
D-22/8/90,16.0,0,0,0,2.733500000000003,0.386650133415414,0.386650133415414,0.386650133415414,0.386650133415414,0
D-23/8/90,24.0,0,0,0,4.721500000000001,0.4104503733789473,0.4104503733789473,0.4104503733789473,0.4104503733789473,1
D-24/8/90,22.0,0,0,0,4.271833333333387,0.4336035267799466,0.4336035267799466,0.4336035267799466,0.4336035267799466,1
D-25/8/90,27.0,0,0,0,6.745000000000016,0.4398029198115704,0.4398029198115704,0.4398029198115704,0.4398029198115704,1
D-27/8/90,15.0,0,0,0,3.0352499999999907,0.3860924272372968,0.3860924272372968,0.3860924272372968,0.3860924272372968,0
D-28/8/90,10.0,0,0,0,1.5046538461538403,0.37975624455413964,0.37975624455413964,0.37975624455413964,0.37975624455413964,0
D-30/8/90,15.0,0,0,0,1.1241666666666772,0.3554658601512017,0.3554658601512017,0.3554658601512017,0.3554658601512017,0
D-31/8/90,11.0,0,0,0,3.372499999999988,0.3945655173390488,0.3945655173390488,0.3945655173390488,0.3945655173390488,0
D-2/12/90,17.0,0,0,0,6.745000000000001,0.5006471252612256,0.5006471252612256,0.5006471252612256,0.5006471252612256,1
D-3/12/90,18.0,0,0,0,2.697999999999982,0.38981259281472597,0.38981259281472597,0.38981259281472597,0.38981259281472597,0
D-4/12/90,23.0,0,0,0,2.4340652173913044,0.41406431954412853,0.41406431954412853,0.41406431954412853,0.41406431954412853,0
D-6/12/90,27.0,0,0,0,2.1960465116279066,0.394319078428697,0.394319078428697,0.394319078428697,0.394319078428697,0
D-7/12/90,9.0,0,0,0,3.372499999999988,0.39107566867845317,0.39107566867845317,0.39107566867845317,0.39107566867845317,0
D-9/12/90,15.0,0,0,0,4.721500000000001,0.4040953063595475,0.4040953063595475,0.4040953063595475,0.4040953063595475,1
D-10/12/90,14.0,0,0,0,11.597048387096741,0.4989663709181828,0.4989663709181828,0.4989663709181828,0.4989663709181828,1
D-12/12/90,34.0,1,0,0,4.721500000000001,0.45423512574578406,0.45423512574578406,0.45423512574578406,0.45423512574578406,1
D-13/12/90,21.0,0,0,0,4.721500000000001,0.4452424207983963,0.4452424207983963,0.4452424207983963,0.4452424207983963,1
D-14/12/90,18.0,0,0,0,3.1685813953488373,0.3929028983657496,0.3929028983657496,0.3929028983657496,0.3929028983657496,0
D-16/12/90,16.0,0,0,0,2.697999999999982,0.3755430226968067,0.3755430226968067,0.3755430226968067,0.3755430226968067,0
D-17/12/90,15.0,0,0,0,2.697999999999982,0.3841791991408927,0.3841791991408927,0.3841791991408927,0.3841791991408927,0
D-18/12/90,16.0,0,0,0,2.697999999999982,0.39530779692762497,0.39530779692762497,0.39530779692762497,0.39530779692762497,0
D-19/12/90,20.0,0,0,0,2.697999999999982,0.3893324390983922,0.3893324390983922,0.3893324390983922,0.3893324390983922,0
D-20/12/90,21.0,0,0,0,3.372499999999988,0.42689015672706015,0.42689015672706015,0.42689015672706015,0.42689015672706015,0
D-21/12/90,22.0,0,0,0,3.058779069767442,0.41149832767872313,0.41149832767872313,0.41149832767872313,0.41149832767872313,0
D-23/12/90,17.0,0,0,0,2.893822580645153,0.4080774156141311,0.4080774156141311,0.4080774156141311,0.4080774156141311,0
D-26/12/90,12.0,0,0,0,4.0470000000000015,0.4185205885133794,0.4185205885133794,0.4185205885133794,0.4185205885133794,1
D-27/12/90,16.0,0,0,0,1.3490000000000002,0.3695410812253857,0.3695410812253857,0.3695410812253857,0.3695410812253857,0
D-2/11/90,27.0,0,0,0,3.4442553191489442,0.3867906254662546,0.3867906254662546,0.3867906254662546,0.3867906254662546,0
D-4/11/90,9.0,0,0,0,1.5539113924050625,0.3860498266523492,0.3860498266523492,0.3860498266523492,0.3860498266523492,0
D-5/11/90,26.0,0,0,0,2.697999999999982,0.4043379024556838,0.4043379024556838,0.4043379024556838,0.4043379024556838,0
D-6/11/90,20.0,0,0,0,2.031078651685393,0.37789966314340007,0.37789966314340007,0.37789966314340007,0.37789966314340007,0
D-7/11/90,15.0,0,0,0,2.697999999999982,0.3773144304765604,0.3773144304765604,0.3773144304765604,0.3773144304765604,0
D-8/11/90,18.0,0,0,0,3.372499999999988,0.3935471149860041,0.3935471149860041,0.3935471149860041,0.3935471149860041,0
D-9/11/90,11.0,0,0,0,2.3514678899082546,0.39071287695951173,0.39071287695951173,0.39071287695951173,0.39071287695951173,0
D-11/11/90,7.0,0,0,0,3.981725806451601,0.4071048917467609,0.4071048917467609,0.4071048917467609,0.4071048917467609,1
D-12/11/90,9.0,0,0,0,3.372499999999988,0.3927231496225595,0.3927231496225595,0.3927231496225595,0.3927231496225595,0
D-13/11/90,15.0,0,0,0,2.023499999999988,0.3849757016964283,0.3849757016964283,0.3849757016964283,0.3849757016964283,0
D-14/11/90,17.0,0,0,0,2.697999999999982,0.4093538293894295,0.4093538293894295,0.4093538293894295,0.4093538293894295,0
D-15/11/90,26.0,0,0,0,4.0470000000000015,0.5026810672888349,0.5026810672888349,0.5026810672888349,0.5026810672888349,1
D-16/11/90,27.0,0,0,0,4.2970183299389,0.4312096942145242,0.4312096942145242,0.4312096942145242,0.4312096942145242,1
D-18/11/90,14.0,0,0,0,4.307333333333337,0.41262158489732326,0.41262158489732326,0.41262158489732326,0.41262158489732326,1
D-19/11/90,15.0,0,0,0,2.697999999999982,0.42020214440465614,0.42020214440465614,0.42020214440465614,0.42020214440465614,0
D-20/11/90,12.0,0,0,0,2.4731666666667094,0.39714378197896094,0.39714378197896094,0.39714378197896094,0.39714378197896094,0
D-21/11/90,33.0,1,0,0,3.3259827586206856,0.4092016226012311,0.4092016226012311,0.4092016226012311,0.4092016226012311,0
D-22/11/90,19.0,0,0,0,3.372499999999988,0.4035337729305124,0.4035337729305124,0.4035337729305124,0.4035337729305124,0
D-23/11/90,18.0,0,0,0,3.472782077393075,0.4018999467750648,0.4018999467750648,0.4018999467750648,0.4018999467750648,0
D-25/11/90,10.0,0,0,0,6.745000000000001,0.41667041479853306,0.41667041479853306,0.41667041479853306,0.41667041479853306,1
D-26/11/90,16.0,0,0,0,4.046999999999982,0.40604907935771933,0.40604907935771933,0.40604907935771933,0.40604907935771933,1
D-27/11/90,12.0,0,0,0,3.3725000000000005,0.3730363437877068,0.3730363437877068,0.3730363437877068,0.3730363437877068,0
D-28/11/90,13.0,0,0,0,2.697999999999982,0.41946480220743204,0.41946480220743204,0.41946480220743204,0.41946480220743204,0
D-29/11/90,16.0,0,0,0,2.8683421588594706,0.4313587375388251,0.4313587375388251,0.4313587375388251,0.4313587375388251,0
D-30/11/90,19.0,0,0,0,3.521905376344086,0.44655521076142746,0.44655521076142746,0.44655521076142746,0.44655521076142746,1
D-1/10/90,16.0,0,0,0,1.3490000000000002,0.37139762940524057,0.37139762940524057,0.37139762940524057,0.37139762940524057,0
D-2/10/90,13.0,0,0,0,4.705813953488372,0.4191619773125253,0.4191619773125253,0.4191619773125253,0.4191619773125253,1
D-3/10/90,21.0,0,0,0,14.839000000000004,0.5440057727906521,0.5440057727906521,0.5440057727906521,0.5440057727906521,1
D-4/10/90,8.0,0,0,0,4.015627906976744,0.43383694604833445,0.43383694604833445,0.43383694604833445,0.43383694604833445,1
D-5/10/90,13.0,0,0,0,2.5725116279069766,0.3767639933313901,0.3767639933313901,0.3767639933313901,0.3767639933313901,0
D-7/10/90,7.0,0,0,0,4.962834862385318,0.45085384880134444,0.45085384880134444,0.45085384880134444,0.45085384880134444,1
D-8/10/90,12.0,0,0,0,4.946333333333387,0.4012878595854209,0.4012878595854209,0.4012878595854209,0.4012878595854209,1
D-9/10/90,10.0,0,0,0,1.7986666666666773,0.3801538989697604,0.3801538989697604,0.3801538989697604,0.3801538989697604,0
D-10/10/90,15.0,0,0,0,2.023499999999988,0.37828796601165404,0.37828796601165404,0.37828796601165404,0.37828796601165404,0
D-12/10/90,7.0,0,0,0,2.19945652173913,0.43501989984618555,0.43501989984618555,0.43501989984618555,0.43501989984618555,0
D-14/10/90,9.0,0,0,0,2.1758064516128974,0.4163769632067281,0.4163769632067281,0.4163769632067281,0.4163769632067281,0
D-15/10/90,12.0,0,0,0,2.697999999999982,0.40183085095878945,0.40183085095878945,0.40183085095878945,0.40183085095878945,0
D-16/10/90,11.0,0,0,0,3.372499999999988,0.4049886108400315,0.4049886108400315,0.4049886108400315,0.4049886108400315,0
D-17/10/90,10.0,0,0,0,1.6673033707865168,0.38909085590166664,0.38909085590166664,0.38909085590166664,0.38909085590166664,0
D-18/10/90,15.0,0,0,0,3.372499999999988,0.42267156404488637,0.42267156404488637,0.42267156404488637,0.42267156404488637,0
D-19/10/90,16.0,0,0,0,3.372499999999988,0.42754179771925077,0.42754179771925077,0.42754179771925077,0.42754179771925077,0
D-21/10/90,21.0,0,0,0,8.318833333333417,0.45848379654990556,0.45848379654990556,0.45848379654990556,0.45848379654990556,1
D-22/10/90,7.0,0,0,0,13.929209302325582,0.5297086938754344,0.5297086938754344,0.5297086938754344,0.5297086938754344,1
D-23/10/90,11.0,0,0,0,3.9725724137931033,0.4629732198462924,0.4629732198462924,0.4629732198462924,0.4629732198462924,1
D-24/10/90,8.0,0,0,0,3.8273953488372094,0.41694482996324606,0.41694482996324606,0.41694482996324606,0.41694482996324606,1
D-25/10/90,13.0,0,0,0,3.1984354838709597,0.4203490944478857,0.4203490944478857,0.4203490944478857,0.4203490944478857,0
D-26/10/90,16.0,0,0,0,3.3724999999999907,0.4089699468729353,0.4089699468729353,0.4089699468729353,0.4089699468729353,0
D-1/3/91,24.0,0,0,0,7.4195,0.46098337051212757,0.46098337051212757,0.46098337051212757,0.46098337051212757,1
D-3/3/91,14.0,0,0,0,10.117500000000001,0.4279647259427733,0.4279647259427733,0.4279647259427733,0.4279647259427733,1
D-4/3/91,15.0,0,0,0,4.721500000000001,0.3979460028415724,0.3979460028415724,0.3979460028415724,0.3979460028415724,1
D-5/3/91,16.0,0,0,0,2.0235000000000003,0.36993169698600326,0.36993169698600326,0.36993169698600326,0.36993169698600326,0
D-6/3/91,23.0,0,0,0,2.0235000000000003,0.4133291257224465,0.4133291257224465,0.4133291257224465,0.4133291257224465,0
D-7/3/91,25.0,0,0,0,4.256327586206891,0.42255316530511283,0.42255316530511283,0.42255316530511283,0.42255316530511283,1
D-8/3/91,16.0,0,0,0,2.4163406593406616,0.3834793234503767,0.3834793234503767,0.3834793234503767,0.3834793234503767,0
D-10/3/91,16.0,0,0,0,1.4727614678899081,0.37326337429764783,0.37326337429764783,0.37326337429764783,0.37326337429764783,0
D-11/3/91,21.0,0,0,0,2.6980000000000004,0.41444288694272896,0.41444288694272896,0.41444288694272896,0.41444288694272896,0
D-12/3/91,19.0,0,0,0,4.0470000000000015,0.3817676284729889,0.3817676284729889,0.3817676284729889,0.3817676284729889,1
D-13/3/91,20.0,0,0,0,6.070500000000001,0.4117312063391163,0.4117312063391163,0.4117312063391163,0.4117312063391163,1
D-14/3/91,15.0,0,0,0,2.0235000000000003,0.3915303139352963,0.3915303139352963,0.3915303139352963,0.3915303139352963,0
D-15/3/91,18.0,0,0,0,4.721500000000001,0.4359741897660146,0.4359741897660146,0.4359741897660146,0.4359741897660146,1
D-17/3/91,25.0,0,0,0,1.8823255813953488,0.37705043426832896,0.37705043426832896,0.37705043426832896,0.37705043426832896,0
D-18/3/91,24.0,0,0,0,1.9210443037974678,0.3800969420588129,0.3800969420588129,0.3800969420588129,0.3800969420588129,0
D-19/3/91,20.0,0,0,0,2.697999999999982,0.4010535300188402,0.4010535300188402,0.4010535300188402,0.4010535300188402,0
D-20/3/91,29.0,0,0,0,1.8340337078651685,0.3810517123107087,0.3810517123107087,0.3810517123107087,0.3810517123107087,0
D-21/3/91,20.0,0,0,0,6.070500000000001,0.42017120369815925,0.42017120369815925,0.42017120369815925,0.42017120369815925,1
D-22/3/91,27.0,0,0,0,2.5371100917431177,0.42742348349223147,0.42742348349223147,0.42742348349223147,0.42742348349223147,0
D-24/3/91,21.0,0,0,0,5.568212765957462,0.46593619657294977,0.46593619657294977,0.46593619657294977,0.46593619657294977,1
D-25/3/91,15.0,0,0,0,3.193045871559631,0.4237625111333513,0.4237625111333513,0.4237625111333513,0.4237625111333513,0
D-26/3/91,15.0,0,0,0,7.963451612903202,0.44857739752209863,0.44857739752209863,0.44857739752209863,0.44857739752209863,1
D-27/3/91,17.0,0,0,0,1.3660759493670882,0.357450258976916,0.357450258976916,0.357450258976916,0.357450258976916,0
D-29/3/91,12.0,0,0,0,2.023499999999988,0.39756394224143576,0.39756394224143576,0.39756394224143576,0.39756394224143576,0
D-31/3/91,13.0,0,0,0,2.579666666666669,0.41522875402961246,0.41522875402961246,0.41522875402961246,0.41522875402961246,0
D-1/2/91,16.0,0,0,0,4.721499999999976,0.415291211307814,0.415291211307814,0.415291211307814,0.415291211307814,1
D-3/2/91,29.0,0,0,0,3.372499999999988,0.40159092989273165,0.40159092989273165,0.40159092989273165,0.40159092989273165,0
D-4/2/91,14.0,0,0,0,3.3725000000000005,0.43745255939624184,0.43745255939624184,0.43745255939624184,0.43745255939624184,0
D-5/2/91,17.0,0,0,0,1.788561797752809,0.37431711441573207,0.37431711441573207,0.37431711441573207,0.37431711441573207,0
D-6/2/91,16.0,0,0,0,2.0441059063136455,0.3889570760094875,0.3889570760094875,0.3889570760094875,0.3889570760094875,0
D-7/2/91,21.0,0,0,0,31.476666666666965,0.48328997600748386,0.48328997600748386,0.48328997600748386,0.48328997600748386,1
D-8/2/91,31.0,1,0,0,3.372499999999988,0.38625462723176684,0.38625462723176684,0.38625462723176684,0.38625462723176684,0
D-10/2/91,21.0,0,0,0,5.396000000000001,0.3897002388377201,0.3897002388377201,0.3897002388377201,0.3897002388377201,1
D-11/2/91,24.0,0,0,0,3.3725000000000005,0.38512906935214425,0.38512906935214425,0.38512906935214425,0.38512906935214425,0
D-12/2/91,28.0,0,0,0,2.697999999999982,0.4003366842665697,0.4003366842665697,0.4003366842665697,0.4003366842665697,0
D-13/2/91,31.0,1,0,0,3.9120999999999992,0.4316521464301841,0.4316521464301841,0.4316521464301841,0.4316521464301841,1
D-14/2/91,24.0,0,0,0,2.697999999999982,0.3960306082121093,0.3960306082121093,0.3960306082121093,0.3960306082121093,0
D-15/2/91,24.0,0,0,0,5.172717241379311,0.449127939995751,0.449127939995751,0.449127939995751,0.449127939995751,1
D-17/2/91,22.0,0,0,0,2.0952553191489405,0.3796059415546613,0.3796059415546613,0.3796059415546613,0.3796059415546613,0
D-18/2/91,22.0,0,0,0,2.697999999999982,0.3782504547470788,0.3782504547470788,0.3782504547470788,0.3782504547470788,0
D-19/2/91,23.0,0,0,0,4.721500000000001,0.4089611039036487,0.4089611039036487,0.4089611039036487,0.4089611039036487,1
D-21/2/91,18.0,0,0,0,2.6388333333333347,0.4089497946147712,0.4089497946147712,0.4089497946147712,0.4089497946147712,0
D-22/2/91,15.0,0,0,0,2.7273260869565217,0.4104818482586261,0.4104818482586261,0.4104818482586261,0.4104818482586261,0
D-24/2/91,17.0,0,0,0,2.7921162790697673,0.3916706377949083,0.3916706377949083,0.3916706377949083,0.3916706377949083,0
D-25/2/91,27.0,0,0,0,4.0470000000000015,0.4246304204713568,0.4246304204713568,0.4246304204713568,0.4246304204713568,1
D-26/2/91,28.0,0,0,0,3.9528837209302323,0.43998375739643897,0.43998375739643897,0.43998375739643897,0.43998375739643897,1
D-27/2/91,26.0,0,0,0,3.1344411764705886,0.4318153220053217,0.4318153220053217,0.4318153220053217,0.4318153220053217,0
D-28/2/91,18.0,0,0,0,3.372499999999988,0.44828793036529874,0.44828793036529874,0.44828793036529874,0.44828793036529874,0
D-1/1/91,15.0,0,0,0,2.4589367088607585,0.3995765780364294,0.3995765780364294,0.3995765780364294,0.3995765780364294,0
D-2/1/91,15.0,0,0,0,2.697999999999982,0.3964892575467919,0.3964892575467919,0.3964892575467919,0.3964892575467919,0
D-3/1/91,18.0,0,0,0,2.023499999999988,0.3852252380467152,0.3852252380467152,0.3852252380467152,0.3852252380467152,0
D-4/1/91,18.0,0,0,0,3.372499999999988,0.3927885041181605,0.3927885041181605,0.3927885041181605,0.3927885041181605,0
D-6/1/91,14.0,0,0,0,2.893822580645153,0.4027997544905447,0.4027997544905447,0.4027997544905447,0.4027997544905447,0
D-7/1/91,13.0,0,0,0,2.697999999999982,0.3825317599685165,0.3825317599685165,0.3825317599685165,0.3825317599685165,0
D-8/1/91,17.0,0,0,0,2.2010000000000027,0.40470505160151365,0.40470505160151365,0.40470505160151365,0.40470505160151365,0
D-9/1/91,11.0,0,0,0,2.922833333333333,0.398830098012776,0.398830098012776,0.398830098012776,0.398830098012776,0
D-10/1/91,18.0,0,0,0,2.023499999999988,0.37361444374789704,0.37361444374789704,0.37361444374789704,0.37361444374789704,0
D-11/1/91,19.0,0,0,0,2.3190674157303373,0.40209108008058286,0.40209108008058286,0.40209108008058286,0.40209108008058286,0
D-13/1/91,12.0,0,0,0,3.8839340659340684,0.4012420770986868,0.4012420770986868,0.4012420770986868,0.4012420770986868,1
D-14/1/91,7.0,0,0,0,2.697999999999982,0.42779720012083194,0.42779720012083194,0.42779720012083194,0.42779720012083194,0
D-15/1/91,13.0,0,0,0,7.2454354838709465,0.45148141429157823,0.45148141429157823,0.45148141429157823,0.45148141429157823,1
D-16/1/91,22.0,0,0,0,5.787645161290306,0.5124022964585178,0.5124022964585178,0.5124022964585178,0.5124022964585178,1
D-17/1/91,19.0,0,0,0,6.070500000000001,0.4628151385366271,0.4628151385366271,0.4628151385366271,0.4628151385366271,1
D-18/1/91,16.0,0,0,0,3.372499999999988,0.39569996942455554,0.39569996942455554,0.39569996942455554,0.39569996942455554,0
D-20/1/91,17.0,0,0,0,1.2465443037974675,0.36337793020348813,0.36337793020348813,0.36337793020348813,0.36337793020348813,0
D-21/1/91,16.0,0,0,0,3.372499999999988,0.3920602282726373,0.3920602282726373,0.3920602282726373,0.3920602282726373,0
D-22/1/91,20.0,0,0,0,2.1540040733197556,0.4037224682335204,0.4037224682335204,0.4037224682335204,0.4037224682335204,0
D-23/1/91,20.0,0,0,0,3.372499999999988,0.4294610960372187,0.4294610960372187,0.4294610960372187,0.4294610960372187,0
D-24/1/91,14.0,0,0,0,2.697999999999982,0.3865925674257588,0.3865925674257588,0.3865925674257588,0.3865925674257588,0
D-25/1/91,23.0,0,0,0,5.01953488372093,0.4218763685856885,0.4218763685856885,0.4218763685856885,0.4218763685856885,1
D-27/1/91,15.0,0,0,0,2.1019302325581393,0.38619027716661725,0.38619027716661725,0.38619027716661725,0.38619027716661725,0
D-28/1/91,20.0,0,0,0,4.0470000000000015,0.4308619198676392,0.4308619198676392,0.4308619198676392,0.4308619198676392,1
D-29/1/91,18.0,0,0,0,18.6249032258064,0.5462599321530948,0.5462599321530948,0.5462599321530948,0.5462599321530948,1
D-30/1/91,16.0,0,0,0,2.697999999999982,0.4083345012189249,0.4083345012189249,0.4083345012189249,0.4083345012189249,0
D-31/1/91,24.0,0,0,0,21.584000000000003,0.5434294199083067,0.5434294199083067,0.5434294199083067,0.5434294199083067,1
D-1/5/91,12.0,0,0,0,2.0012637362637378,0.38871438933766006,0.38871438933766006,0.38871438933766006,0.38871438933766006,0
D-2/5/91,14.0,0,0,0,1.1531774193548348,0.35896597507723427,0.35896597507723427,0.35896597507723427,0.35896597507723427,0
D-3/5/91,18.0,0,0,0,1.0306966292134832,0.35845846866308984,0.35845846866308984,0.35845846866308984,0.35845846866308984,0
D-5/5/91,16.0,0,0,0,1.558327586206894,0.37311182278312394,0.37311182278312394,0.37311182278312394,0.37311182278312394,0
D-6/5/91,14.0,0,0,0,2.32153488372093,0.4111815877321181,0.4111815877321181,0.4111815877321181,0.4111815877321181,0
D-7/5/91,24.0,0,0,0,1.3490000000000002,0.36384443705974734,0.36384443705974734,0.36384443705974734,0.36384443705974734,0
D-8/5/91,15.0,0,0,0,3.6757155963302726,0.46232117477671375,0.46232117477671375,0.46232117477671375,0.46232117477671375,1
D-9/5/91,10.0,0,0,0,3.551954128440365,0.47452302327372964,0.47452302327372964,0.47452302327372964,0.47452302327372964,1
D-10/5/91,14.0,0,0,0,3.408000000000003,0.38956933736441074,0.38956933736441074,0.38956933736441074,0.38956933736441074,0
D-12/5/91,13.0,0,0,0,2.023499999999994,0.4017920845772346,0.4017920845772346,0.4017920845772346,0.4017920845772346,0
D-13/5/91,20.0,0,0,0,2.893822580645153,0.39088891194167197,0.39088891194167197,0.39088891194167197,0.39088891194167197,0
D-14/5/91,20.0,0,0,0,2.9176046511627907,0.38645260850127067,0.38645260850127067,0.38645260850127067,0.38645260850127067,0
D-15/5/91,18.0,0,0,0,1.3490000000000002,0.35773482547276475,0.35773482547276475,0.35773482547276475,0.35773482547276475,0
D-16/5/91,21.0,0,0,0,2.415651162790698,0.37878943136562443,0.37878943136562443,0.37878943136562443,0.37878943136562443,0
D-17/5/91,17.0,0,0,0,1.4744883720930233,0.35582421620333904,0.35582421620333904,0.35582421620333904,0.35582421620333904,0
D-19/5/91,33.0,1,0,0,3.3868510638297944,0.42029648264151104,0.42029648264151104,0.42029648264151104,0.42029648264151104,0
D-20/5/91,14.0,0,0,0,1.6188000000000005,0.3720395829477375,0.3720395829477375,0.3720395829477375,0.3720395829477375,0
D-21/5/91,12.0,0,0,0,1.377702127659577,0.3618278928104487,0.3618278928104487,0.3618278928104487,0.3618278928104487,0
D-22/5/91,15.0,0,0,0,3.1685813953488373,0.3918880852908847,0.3918880852908847,0.3918880852908847,0.3918880852908847,0
D-23/5/91,18.0,0,0,0,3.8221666666667096,0.3700294848456215,0.3700294848456215,0.3700294848456215,0.3700294848456215,1
D-24/5/91,16.0,0,0,0,23.08986046511628,0.5255303756020667,0.5255303756020667,0.5255303756020667,0.5255303756020667,1
D-26/5/91,14.0,0,0,0,1.4854157303370785,0.383894710983591,0.383894710983591,0.383894710983591,0.383894710983591,0
D-27/5/91,15.0,0,0,0,1.741885947046843,0.3880989772688174,0.3880989772688174,0.3880989772688174,0.3880989772688174,0
D-28/5/91,18.0,0,0,0,23.08986046511628,0.5616156825073815,0.5616156825073815,0.5616156825073815,0.5616156825073815,1
D-29/5/91,15.0,0,0,0,2.0791926605504574,0.3770700558175653,0.3770700558175653,0.3770700558175653,0.3770700558175653,0
D-30/5/91,17.0,0,0,0,6.520166666666667,0.4561815844966018,0.4561815844966018,0.4561815844966018,0.4561815844966018,1
D-31/5/91,15.0,0,0,0,8.53320930232558,0.4716316027046555,0.4716316027046555,0.4716316027046555,0.4716316027046555,1
D-1/4/91,30.0,1,0,0,33.94983333333367,0.4699731508038837,0.4699731508038837,0.4699731508038837,0.4699731508038837,1
D-2/4/91,22.0,0,0,0,1.4956304347826086,0.37757419654879637,0.37757419654879637,0.37757419654879637,0.37757419654879637,0
D-3/4/91,23.0,0,0,0,1.9921279069767444,0.37134498261553206,0.37134498261553206,0.37134498261553206,0.37134498261553206,0
D-4/4/91,20.0,0,0,0,3.1372093023255814,0.4005374663673618,0.4005374663673618,0.4005374663673618,0.4005374663673618,0
D-5/4/91,23.0,0,0,0,2.6352558139534885,0.3903182867505823,0.3903182867505823,0.3903182867505823,0.3903182867505823,0
D-7/4/91,15.0,0,0,0,1.349000000000004,0.3671967741393963,0.3671967741393963,0.3671967741393963,0.3671967741393963,0
D-8/4/91,16.0,0,0,0,2.5568255813953487,0.39019881458791306,0.39019881458791306,0.39019881458791306,0.39019881458791306,0
D-9/4/91,18.0,0,0,0,2.4047391304347827,0.3885371033152152,0.3885371033152152,0.3885371033152152,0.3885371033152152,0
D-10/4/91,24.0,0,0,0,4.851211538461523,0.39542646570118506,0.39542646570118506,0.39542646570118506,0.39542646570118506,1
D-11/4/91,20.0,0,0,0,1.2023695652173914,0.357870628900793,0.357870628900793,0.357870628900793,0.357870628900793,0
D-12/4/91,20.0,0,0,0,2.697999999999982,0.4220116592754498,0.4220116592754498,0.4220116592754498,0.4220116592754498,0
D-14/4/91,13.0,0,0,0,2.331166666666667,0.39248571795217646,0.39248571795217646,0.39248571795217646,0.39248571795217646,0
D-15/4/91,15.0,0,0,0,0.804666666666667,0.3523850452716173,0.3523850452716173,0.3523850452716173,0.3523850452716173,0
D-16/4/91,19.0,0,0,0,1.349000000000032,0.35803517286545494,0.35803517286545494,0.35803517286545494,0.35803517286545494,0
D-17/4/91,18.0,0,0,0,2.1960465116279066,0.37051459819335253,0.37051459819335253,0.37051459819335253,0.37051459819335253,0
D-18/4/91,14.0,0,0,0,2.023499999999988,0.366046254618469,0.366046254618469,0.366046254618469,0.366046254618469,0
D-19/4/91,20.0,0,0,0,1.9552921348314607,0.37152538563569104,0.37152538563569104,0.37152538563569104,0.37152538563569104,0
D-21/4/91,14.0,0,0,0,1.320297872340427,0.3715309435520115,0.3715309435520115,0.3715309435520115,0.3715309435520115,0
D-22/4/91,15.0,0,0,0,1.451337931034483,0.37597440612843136,0.37597440612843136,0.37597440612843136,0.37597440612843136,0
D-23/4/91,20.0,0,0,0,2.6980000000000004,0.38038326388342,0.38038326388342,0.38038326388342,0.38038326388342,0
D-24/4/91,23.0,0,0,0,5.521488372093024,0.44284905510490025,0.44284905510490025,0.44284905510490025,0.44284905510490025,1
D-25/4/91,23.0,0,0,0,3.8273953488372094,0.395890679802575,0.395890679802575,0.395890679802575,0.395890679802575,1
D-26/4/91,17.0,0,0,0,4.721499999999976,0.43071427853469196,0.43071427853469196,0.43071427853469196,0.43071427853469196,1
D-28/4/91,13.0,0,0,0,2.5831914893617083,0.43157487189442684,0.43157487189442684,0.43157487189442684,0.43157487189442684,0
D-29/4/91,19.0,0,0,0,6.520166666666667,0.4283736401348476,0.4283736401348476,0.4283736401348476,0.4283736401348476,1
D-1/7/91,12.0,0,0,0,1.8517841140529532,0.37687375187163163,0.37687375187163163,0.37687375187163163,0.37687375187163163,0
D-2/7/91,16.0,0,0,0,1.9705980392156863,0.3949130176695623,0.3949130176695623,0.3949130176695623,0.3949130176695623,0
D-3/7/91,12.0,0,0,0,1.3490000000000002,0.36210647654545064,0.36210647654545064,0.36210647654545064,0.36210647654545064,0
D-4/7/91,13.0,0,0,0,1.3490000000000002,0.3605062142379971,0.3605062142379971,0.3605062142379971,0.3605062142379971,0
D-5/7/91,11.0,0,0,0,6.082333333333338,0.44415912373354677,0.44415912373354677,0.44415912373354677,0.44415912373354677,1
D-7/7/91,12.0,0,0,0,5.0696290322580495,0.42923657681301935,0.42923657681301935,0.42923657681301935,0.42923657681301935,1
D-8/7/91,29.0,0,0,0,2.7445172413793073,0.37266524394563655,0.37266524394563655,0.37266524394563655,0.37266524394563655,0
D-9/7/91,20.0,0,0,0,2.023499999999988,0.36480002514965054,0.36480002514965054,0.36480002514965054,0.36480002514965054,0
D-10/7/91,23.0,0,0,0,2.672057692307683,0.36727505283254097,0.36727505283254097,0.36727505283254097,0.36727505283254097,0
D-11/7/91,23.0,0,0,0,2.6980000000000004,0.3815648106621834,0.3815648106621834,0.3815648106621834,0.3815648106621834,0
D-12/7/91,31.0,1,0,0,4.0470000000000015,0.3895133977546921,0.3895133977546921,0.3895133977546921,0.3895133977546921,1
D-14/7/91,14.0,0,0,0,1.3489999999999942,0.36375662971568357,0.36375662971568357,0.36375662971568357,0.36375662971568357,0
D-15/7/91,20.0,0,0,0,4.307333333333337,0.3982626210595879,0.3982626210595879,0.3982626210595879,0.3982626210595879,1
D-16/7/91,17.0,0,0,0,2.6980000000000004,0.391411124845873,0.391411124845873,0.391411124845873,0.391411124845873,0
D-17/7/91,105.0,1,1,1,17.422191489361744,0.5974926592773834,0.5974926592773834,0.5974926592773834,0.5974926592773834,1
D-18/7/91,101.0,1,1,1,17.95565517241376,0.5501096470309755,0.5501096470309755,0.5501096470309755,0.5501096470309755,1
D-19/7/91,101.0,1,1,1,15.560017241379281,0.584837688943279,0.584837688943279,0.584837688943279,0.584837688943279,1
D-21/7/91,31.0,1,0,0,4.349362068965509,0.4240394518275177,0.4240394518275177,0.4240394518275177,0.4240394518275177,1
D-22/7/91,26.0,0,0,0,2.023499999999988,0.3882410718710963,0.3882410718710963,0.3882410718710963,0.3882410718710963,0
D-23/7/91,19.0,0,0,0,2.071367741935484,0.36740674146360264,0.36740674146360264,0.36740674146360264,0.36740674146360264,0
D-24/7/91,15.0,0,0,0,1.6862499999999945,0.3909065231464385,0.3909065231464385,0.3909065231464385,0.3909065231464385,0
D-25/7/91,20.0,0,0,0,2.1813617021276674,0.39127841865746854,0.39127841865746854,0.39127841865746854,0.39127841865746854,0
D-26/7/91,15.0,0,0,0,2.193978021978023,0.40442059764308486,0.40442059764308486,0.40442059764308486,0.40442059764308486,0
D-28/7/91,14.0,0,0,0,2.023499999999988,0.4116494287608167,0.4116494287608167,0.4116494287608167,0.4116494287608167,0
D-29/7/91,14.0,0,0,0,1.4094439918533606,0.3817395496937908,0.3817395496937908,0.3817395496937908,0.3817395496937908,0
D-30/7/91,16.0,0,0,0,2.697999999999982,0.39016112072414155,0.39016112072414155,0.39016112072414155,0.39016112072414155,0
D-31/7/91,19.0,0,0,0,2.8536538461538368,0.37831337479270233,0.37831337479270233,0.37831337479270233,0.37831337479270233,0
D-2/6/91,12.0,0,0,0,1.1216404494382022,0.3598917482472981,0.3598917482472981,0.3598917482472981,0.3598917482472981,0
D-3/6/91,22.0,0,0,0,2.1019302325581393,0.3712560015192516,0.3712560015192516,0.3712560015192516,0.3712560015192516,0
D-4/6/91,22.0,0,0,0,1.7986666666666773,0.3616469271759915,0.3616469271759915,0.3616469271759915,0.3616469271759915,0
D-5/6/91,16.0,0,0,0,3.7019069767441857,0.39226765624160986,0.39226765624160986,0.39226765624160986,0.39226765624160986,1
D-6/6/91,25.0,0,0,0,3.07446511627907,0.381362520428121,0.381362520428121,0.381362520428121,0.381362520428121,0
D-7/6/91,23.0,0,0,0,2.023499999999988,0.3815827154682488,0.3815827154682488,0.3815827154682488,0.3815827154682488,0
D-9/6/91,16.0,0,0,0,1.6380714285714286,0.3742111079226234,0.3742111079226234,0.3742111079226234,0.3742111079226234,0
D-10/6/91,17.0,0,0,0,4.392093023255813,0.3888440147502275,0.3888440147502275,0.3888440147502275,0.3888440147502275,1
D-12/6/91,21.0,0,0,0,2.0235,0.4093617451815863,0.4093617451815863,0.4093617451815863,0.4093617451815863,0
D-13/6/91,22.0,0,0,0,2.5411395348837207,0.3644196041634444,0.3644196041634444,0.3644196041634444,0.3644196041634444,0
D-14/6/91,15.0,0,0,0,3.2313255813953488,0.40391466399182147,0.40391466399182147,0.40391466399182147,0.40391466399182147,0
D-16/6/91,15.0,0,0,0,1.3489999999999942,0.35433896359755807,0.35433896359755807,0.35433896359755807,0.35433896359755807,0
D-17/6/91,10.0,0,0,0,1.4187758620689614,0.35635028257860163,0.35635028257860163,0.35635028257860163,0.35635028257860163,0
D-18/6/91,27.0,0,0,0,1.9304655172413783,0.37870285116196867,0.37870285116196867,0.37870285116196867,0.37870285116196867,0
D-19/6/91,18.0,0,0,0,1.0672468354430378,0.36319572752218,0.36319572752218,0.36319572752218,0.36319572752218,0
D-20/6/91,12.0,0,0,0,1.6313488372093021,0.3826201565481858,0.3826201565481858,0.3826201565481858,0.3826201565481858,0
D-21/6/91,13.0,0,0,0,1.4064042553191498,0.3562218967482325,0.3562218967482325,0.3562218967482325,0.3562218967482325,0
D-24/6/91,6.0,0,0,0,2.0467586206896504,0.39143720545146243,0.39143720545146243,0.39143720545146243,0.39143720545146243,0
D-25/6/91,17.0,0,0,0,1.2526428571428572,0.3626432979976614,0.3626432979976614,0.3626432979976614,0.3626432979976614,0
D-26/6/91,13.0,0,0,0,1.8069174311926606,0.3645693633610931,0.3645693633610931,0.3645693633610931,0.3645693633610931,0
D-27/6/91,12.0,0,0,0,3.143541284403669,0.40513070386605315,0.40513070386605315,0.40513070386605315,0.40513070386605315,0
D-28/6/91,15.0,0,0,0,1.3693075268817203,0.37084150572433167,0.37084150572433167,0.37084150572433167,0.37084150572433167,0
D-30/6/91,10.0,0,0,0,1.8929516129032211,0.36826586566546193,0.36826586566546193,0.36826586566546193,0.36826586566546193,0
D-1/10/91,19.0,0,0,0,1.3489999999999942,0.36263451276789793,0.36263451276789793,0.36263451276789793,0.36263451276789793,0
D-2/10/91,24.0,0,0,0,2.232827586206894,0.35975458910417574,0.35975458910417574,0.35975458910417574,0.35975458910417574,0
D-3/10/91,20.0,0,0,0,3.3492413793103393,0.4006590066017102,0.4006590066017102,0.4006590066017102,0.4006590066017102,0
D-4/10/91,12.0,0,0,0,4.814534482758612,0.3949042693693005,0.3949042693693005,0.3949042693693005,0.3949042693693005,1
D-5/10/91,16.0,0,0,0,1.823373626373627,0.3880330800637108,0.3880330800637108,0.3880330800637108,0.3880330800637108,0
D-6/10/91,13.0,0,0,0,1.2050056179775281,0.36247317472267326,0.36247317472267326,0.36247317472267326,0.36247317472267326,0
D-8/10/91,18.0,0,0,0,2.186310344827583,0.38611392507256515,0.38611392507256515,0.38611392507256515,0.38611392507256515,0
D-9/10/91,29.0,0,0,0,3.3581489361702217,0.39877812639535487,0.39877812639535487,0.39877812639535487,0.39877812639535487,0
D-11/10/91,13.0,0,0,0,1.3230576923076902,0.37259809097494384,0.37259809097494384,0.37259809097494384,0.37259809097494384,0
D-12/10/91,21.0,0,0,0,2.0826666666666678,0.3902865506327087,0.3902865506327087,0.3902865506327087,0.3902865506327087,0
D-13/10/91,21.0,0,0,0,3.3725000000000316,0.3823421637153231,0.3823421637153231,0.3823421637153231,0.3823421637153231,0
D-15/10/91,16.0,0,0,0,2.1630517241379295,0.4258719272739924,0.4258719272739924,0.4258719272739924,0.4258719272739924,0
D-16/10/91,33.0,1,0,0,2.953844827586202,0.39456702855352144,0.39456702855352144,0.39456702855352144,0.39456702855352144,0
D-17/10/91,25.0,0,0,0,3.147666666666709,0.37379868683627904,0.37379868683627904,0.37379868683627904,0.37379868683627904,0
D-18/10/91,22.0,0,0,0,0.8784186046511627,0.3504509876933386,0.3504509876933386,0.3504509876933386,0.3504509876933386,0
D-19/10/91,20.0,0,0,0,1.2862558139534883,0.36480490476581395,0.36480490476581395,0.36480490476581395,0.36480490476581395,0
D-20/10/91,27.0,0,0,0,9.218166666666773,0.40031386641281896,0.40031386641281896,0.40031386641281896,0.40031386641281896,1
D-22/10/91,23.0,0,0,0,6.745000000000063,0.41888367058089093,0.41888367058089093,0.41888367058089093,0.41888367058089093,1
D-23/10/91,37.0,1,0,0,3.8376724137930958,0.37858519117187356,0.37858519117187356,0.37858519117187356,0.37858519117187356,1
D-24/10/91,12.0,0,0,0,2.772256880733944,0.37479242753782593,0.37479242753782593,0.37479242753782593,0.37479242753782593,0
D-25/10/91,21.0,0,0,0,2.0932758620689613,0.36751109894631556,0.36751109894631556,0.36751109894631556,0.36751109894631556,0
D-26/10/91,16.0,0,0,0,8.993333333333418,0.414509676130959,0.414509676130959,0.414509676130959,0.414509676130959,1
D-27/10/91,16.0,0,0,0,2.4731666666667094,0.3661001258024576,0.3661001258024576,0.3661001258024576,0.3661001258024576,0
D-29/10/91,15.0,0,0,0,6.745000000000063,0.3805525785927391,0.3805525785927391,0.3805525785927391,0.3805525785927391,1
D-1/8/91,15.0,0,0,0,2.023499999999988,0.3726979185286629,0.3726979185286629,0.3726979185286629,0.3726979185286629,0
D-2/8/91,12.0,0,0,0,2.0235000000000003,0.38577172219056416,0.38577172219056416,0.38577172219056416,0.38577172219056416,0
D-4/8/91,20.0,0,0,0,3.683807692307681,0.427581383481607,0.427581383481607,0.427581383481607,0.427581383481607,1
D-5/8/91,11.0,0,0,0,2.4257247706422014,0.41962172179966833,0.41962172179966833,0.41962172179966833,0.41962172179966833,0
D-6/8/91,16.0,0,0,0,1.4418344086021504,0.3760444272203436,0.3760444272203436,0.3760444272203436,0.3760444272203436,0
D-7/8/91,11.0,0,0,0,1.6071956989247311,0.3915160138006708,0.3915160138006708,0.3915160138006708,0.3915160138006708,0
D-8/8/91,11.0,0,0,0,4.360720930232558,0.46573206298259684,0.46573206298259684,0.46573206298259684,0.46573206298259684,1
D-9/8/91,9.0,0,0,0,1.4302301075268817,0.3875630791062656,0.3875630791062656,0.3875630791062656,0.3875630791062656,0
D-11/8/91,11.0,0,0,0,2.697999999999997,0.48472478623597043,0.48472478623597043,0.48472478623597043,0.48472478623597043,0
D-12/8/91,8.0,0,0,0,1.955431192660549,0.41308617137214154,0.41308617137214154,0.41308617137214154,0.41308617137214154,0
D-13/8/91,8.0,0,0,0,2.0235000000000323,0.4274635969997406,0.4274635969997406,0.4274635969997406,0.4274635969997406,0
D-14/8/91,7.0,0,0,0,2.893822580645153,0.4461881349727182,0.4461881349727182,0.4461881349727182,0.4461881349727182,0
D-16/8/91,9.0,0,0,0,3.3251666666666697,0.43068093980481825,0.43068093980481825,0.43068093980481825,0.43068093980481825,0
D-18/8/91,8.0,0,0,0,2.697999999999982,0.41083355709782216,0.41083355709782216,0.41083355709782216,0.41083355709782216,0
D-19/8/91,21.0,0,0,0,1.5815862068965514,0.3899342822783932,0.3899342822783932,0.3899342822783932,0.3899342822783932,0
D-20/8/91,14.0,0,0,0,1.5738333333333334,0.3827146579403773,0.3827146579403773,0.3827146579403773,0.3827146579403773,0
D-21/8/91,9.0,0,0,0,1.5473823529411765,0.3811076066806205,0.3811076066806205,0.3811076066806205,0.3811076066806205,0
D-22/8/91,10.0,0,0,0,2.1410733944954132,0.3936439431114295,0.3936439431114295,0.3936439431114295,0.3936439431114295,0
D-23/8/91,11.0,0,0,0,2.0746689655172412,0.42779750170191416,0.42779750170191416,0.42779750170191416,0.42779750170191416,0
D-25/8/91,25.0,0,0,0,6.140275862068955,0.47450202636806527,0.47450202636806527,0.47450202636806527,0.47450202636806527,1
D-26/8/91,19.0,0,0,0,3.6283448275862016,0.4151499015502743,0.4151499015502743,0.4151499015502743,0.4151499015502743,1
D-27/8/91,17.0,0,0,0,1.3490000000000002,0.3679648770021881,0.3679648770021881,0.3679648770021881,0.3679648770021881,0
D-28/8/91,25.0,0,0,0,2.353574468085113,0.3814635499302842,0.3814635499302842,0.3814635499302842,0.3814635499302842,0
D-29/8/91,21.0,0,0,0,2.697999999999982,0.37845527534168044,0.37845527534168044,0.37845527534168044,0.37845527534168044,0
D-30/8/91,17.0,0,0,0,2.697999999999982,0.3928808853879805,0.3928808853879805,0.3928808853879805,0.3928808853879805,0
